datetime,d00_input,d00_stocked_amount,d00_output,d01_input,d01_stocked_amount,d01_output
2016/8/1 1:00,10.29,17235,13.42,53.28,7484,88.2
2016/8/1 2:00,9.82,17223,13.58,51.19,7345,87.8
2016/8/1 3:00,9.9,17211,13.47,49.05,7206,87.9
2016/8/1 4:00,9.77,17200,13.4,48.86,7068,87.7
2016/8/1 5:00,9.99,17188,13.48,43.52,6909,87.9
2016/8/1 6:00,9.72,17176,13.39,40.31,6730,87.2
2016/8/1 7:00,9.68,17164,13.36,40.27,6572,87.6
2016/8/1 8:00,9.91,17153,13.31,36.42,6393,87.1
2016/8/1 9:00,9.51,17129,13.39,40.05,6214,86.7
2016/8/1 10:00,9.96,17117,14.2,36.29,6016,86.9
2016/8/1 11:00,12.15,17117,14.01,36.23,5837,87.2
2016/8/1 12:00,22.06,17141,14.27,31.76,5639,86.6
2016/8/1 13:00,45.84,17258,14.21,30.56,5434,86.7
2016/8/1 14:00,75.64,17493,14.41,30.32,5248,87
2016/8/1 15:00,81.53,17728,15.6,30.29,5044,86.3
2016/8/1 16:00,70.26,17928,16.62,34.76,4858,85.9
2016/8/1 17:00,61.47,18081,17.67,34.63,4672,86.2
2016/8/1 18:00,51.22,18198,18.21,29.82,4486,85.7
2016/8/1 19:00,43.51,18280,18.91,47.15,4338,85.7
2016/8/1 20:00,38.56,18351,19.17,59.07,4264,86.1
2016/8/1 21:00,35.18,18410,19.65,85.98,4264,86.2
2016/8/1 22:00,33.04,18457,20.19,91.13,4282,85.8
2016/8/1 23:00,30.92,18492,20.5,80.81,4264,85.9
2016/8/2 0:00,29.59,18527,20.58,83.11,4226,85.7
2016/8/2 1:00,28.02,18551,20.76,80.68,4208,85.9
2016/8/2 2:00,26.83,18574,20.86,91.03,4245,86
2016/8/2 3:00,25.75,18586,20.87,106.32,4319,85.8
2016/8/2 4:00,24.8,18609,20.83,98.64,4375,85.8
2016/8/2 5:00,24.02,18621,21.08,100.44,4431,86.2
2016/8/2 6:00,23.36,18621,21.14,88,4468,86.2
2016/8/2 7:00,22.3,18633,21.17,91.12,4468,86.2
2016/8/2 8:00,22.04,18633,21.09,86.08,4468,86
2016/8/2 9:00,21.04,18633,20.9,80.88,4431,85.7
2016/8/2 10:00,20.31,18621,21.13,83.41,4394,86.3
2016/8/2 11:00,20.12,18621,21.06,72.29,4338,86.2
2016/8/2 12:00,19.6,18621,21.23,68.21,4264,86
2016/8/2 13:00,19.26,18609,21.02,65.95,4208,86
2016/8/2 14:00,18.73,18598,20.87,61.98,4115,85.6
2016/8/2 15:00,18.2,18598,20.84,60.94,4022,85.6
2016/8/2 16:00,18.03,18586,20.73,57.32,3929,85.6
2016/8/2 17:00,17.55,18574,20.76,56,3818,85.3
2016/8/2 18:00,17.57,18562,20.51,55.94,3725,85.2
2016/8/2 19:00,17.59,18551,20.5,61.57,3632,84.9
2016/8/2 20:00,18.13,18539,20.46,55.71,3521,84.7
2016/8/2 21:00,17.34,18527,20.37,59.63,3539,50.9
2016/8/2 22:00,16.52,18515,20.37,61.58,3577,52.4
2016/8/2 23:00,16.14,18504,19.96,61.91,3614,50.7
2016/8/3 0:00,15.64,18480,20.11,61.23,3651,62
2016/8/3 1:00,15.5,18468,19.92,61.29,3669,52.9
2016/8/3 2:00,15.26,18457,19.74,61.23,3707,52.7
2016/8/3 3:00,14.93,18433,19.49,58.65,3725,52.5
2016/8/3 4:00,14.81,18421,19.61,60.47,3744,53.6
2016/8/3 5:00,14.23,18398,19.42,60.34,3781,52.2
2016/8/3 6:00,14.3,18386,19.29,56.95,3799,69.4
2016/8/3 7:00,13.94,18363,19.13,57.75,3818,54.1
2016/8/3 8:00,13.04,18339,18.9,53.97,3818,52.6
2016/8/3 9:00,13.04,18316,18.69,48.6,3799,43.4
2016/8/3 10:00,12.9,18292,18.64,48.6,3799,43.4
2016/8/3 11:00,12.77,18280,18.48,48.6,3799,43.4
2016/8/3 12:00,12.68,18257,18.41,48.6,3799,43.4
2016/8/3 13:00,12.29,18233,18.16,48.6,3799,43.4
2016/8/3 14:00,12.09,18210,17.97,48.6,3799,43.4
2016/8/3 15:00,12.19,18186,17.86,48.6,3799,43.4
2016/8/3 16:00,12.25,18175,17.84,48.6,3799,43.4
2016/8/3 17:00,11.64,18151,18.02,48.6,3799,43.4
2016/8/3 18:00,11.97,18128,17.7,46.01,3688,46.5
2016/8/3 19:00,11.46,18104,17.55,46.55,3688,45.7
2016/8/3 20:00,10.99,18081,17.43,46.61,3688,45.4
2016/8/3 21:00,11.37,18057,17.13,46.4,3688,47.1
2016/8/3 22:00,10.7,18034,17.1,45.95,3688,47.2
2016/8/3 23:00,10.71,18022,16.89,44.91,3669,46.8
2016/8/4 0:00,10.77,17999,16.75,46.68,3651,45.9
2016/8/4 1:00,10.55,17975,16.63,41.92,3632,51.1
2016/8/4 2:00,10.47,17952,16.63,45.95,3614,46.5
2016/8/4 3:00,9.89,17928,16.34,41.43,3595,46.2
2016/8/4 4:00,10.15,17905,16.2,39.28,3558,47.4
2016/8/4 5:00,9.83,17881,16.06,41.01,3539,47
2016/8/4 6:00,9.72,17858,15.86,38.22,3502,43.7
2016/8/4 7:00,9.57,17834,15.94,37.24,3465,45
2016/8/4 8:00,9.23,17811,15.79,35.85,3428,49.9
2016/8/4 9:00,9.13,17787,15.61,36.28,3391,45.5
2016/8/4 10:00,8.93,17764,15.41,35.55,3354,47.6
2016/8/4 11:00,9.27,17740,15.34,35.19,3317,45.6
2016/8/4 12:00,8.1,17717,15.07,35.59,3279,46
2016/8/4 13:00,8.25,17693,14.81,34.91,3224,47.8
2016/8/4 14:00,8.67,17670,14.82,32.72,3149,56.2
2016/8/4 15:00,8.06,17646,14.64,29.51,3038,56.1
2016/8/4 16:00,8.49,17623,14.67,25.39,2927,59
2016/8/4 17:00,8.44,17599,14.39,22.64,2797,56.9
2016/8/4 18:00,8.16,17576,14.48,20.39,2667,57.1
2016/8/4 19:00,7.84,17552,14.31,18.9,2537,60.1
2016/8/4 20:00,7.94,17529,14.13,20.71,2388,58
2016/8/4 21:00,7.93,17505,14.04,19.29,2258,58.1
2016/8/4 22:00,7.79,17482,14.12,38.69,2369,0
2016/8/4 23:00,7.73,17470,14.07,34.39,2499,0
2016/8/5 0:00,7.67,17446,13.89,38.69,2629,0
2016/8/5 1:00,7.76,17423,14.19,34.39,2759,0
2016/8/5 2:00,7.39,17399,13.9,36.41,2889,0
2016/8/5 3:00,7.49,17376,14.05,30.95,3019,0
2016/8/5 4:00,7.52,17352,13.96,34.39,3149,0
2016/8/5 5:00,7.31,17329,13.89,32.58,3261,0
2016/8/5 6:00,7.95,17305,14.01,32.58,3391,0
2016/8/5 7:00,7,17282,13.89,34.25,3484,6
2016/8/5 8:00,7.18,17258,13.95,31.38,3558,31.2
2016/8/5 9:00,7.02,17223,13.88,24.9,3521,50.1
2016/8/5 10:00,7.2,17211,14.01,24.08,3372,59.3
2016/8/5 11:00,6.91,17176,13.94,21.01,3242,59.5
2016/8/5 12:00,7.49,17164,13.99,19.95,3094,63.6
2016/8/5 13:00,6.43,17129,13.94,21.85,2945,62.4
2016/8/5 14:00,6.86,17106,13.77,13.92,2797,61.5
2016/8/5 15:00,7.11,17082,13.82,14.02,2629,60.3
2016/8/5 16:00,7.22,17059,13.75,19.74,2462,62.8
2016/8/5 17:00,6.99,17035,13.62,10.24,2295,62.9
2016/8/5 18:00,7.41,17012,13.85,13.59,2109,60.2
2016/8/5 19:00,7.12,16988,13.73,10.08,1924,63.4
2016/8/5 20:00,6.32,16963,13.77,23.37,1784,59.3
2016/8/5 21:00,6.82,16939,13.78,17.37,1611,61.2
2016/8/5 22:00,6.42,16915,13.84,9.24,1438,61.3
2016/8/5 23:00,6.23,16878,13.81,11.55,1438,0
2016/8/6 0:00,6.27,16854,13.84,30.39,1541,0
2016/8/6 1:00,6.04,16830,14,28.87,1645,0
2016/8/6 2:00,6.39,16793,13.94,28.87,1749,0
2016/8/6 3:00,6,16769,13.83,52.48,1888,0
2016/8/6 4:00,6.23,16744,13.77,26.91,1979,0
2016/8/6 5:00,6.12,16720,13.95,29.48,2091,0
2016/8/6 6:00,6.15,16684,13.84,26.91,2184,0
2016/8/6 7:00,5.36,16659,13.87,26.91,2295,0
2016/8/6 8:00,5.05,16623,13.97,26.91,2388,0
2016/8/6 9:00,4.99,16598,13.83,26.91,2481,0
2016/8/6 10:00,5.09,16562,13.83,24.76,2574,0
2016/8/6 11:00,5.33,16525,13.85,22.93,2648,0
2016/8/6 12:00,5.2,16501,13.89,22.93,2741,0
2016/8/6 13:00,5.13,16465,14,21.34,2815,0
2016/8/6 14:00,5.45,16440,13.91,22.11,2889,0
2016/8/6 15:00,4.79,16404,13.81,22.48,2945,21.8
2016/8/6 16:00,5.1,16379,13.83,17.21,2927,47.3
2016/8/6 17:00,5.03,16343,13.74,9.26,2722,71.7
2016/8/6 18:00,5.35,16306,13.72,14.25,2444,76.7
2016/8/6 19:00,5.18,16282,13.92,0,2147,75.6
2016/8/6 20:00,5.18,16245,13.89,18.31,1853,76.1
2016/8/6 21:00,5.03,16221,13.95,0,1611,76.7
2016/8/6 22:00,5.26,16185,13.91,0,1559,0
2016/8/6 23:00,4.62,16160,13.75,18.62,1628,0
2016/8/7 0:00,5.11,16124,13.81,19.91,1697,0
2016/8/7 1:00,4.72,16087,13.98,19.91,1767,0
2016/8/7 2:00,4.45,16051,13.81,28.87,1871,0
2016/8/7 3:00,4.82,16026,14,19.94,1924,0
2016/8/7 4:00,4.5,15990,13.59,21.34,2017,0
2016/8/7 5:00,4.8,15953,13.68,20.63,2072,0
2016/8/7 6:00,4.59,15929,13.92,21.34,2147,0
2016/8/7 7:00,4.02,15893,14.09,17.19,2221,0
2016/8/7 8:00,4.16,15856,13.96,17.19,2295,0
2016/8/7 9:00,4.03,15820,13.82,18.76,2351,0
2016/8/7 10:00,4.18,15783,13.85,18.21,2425,0
2016/8/7 11:00,5.27,15751,14,17.19,2481,0
2016/8/7 12:00,5.23,15720,14.07,18.21,2555,0
2016/8/7 13:00,5.28,15688,14.16,17.19,2611,0
2016/8/7 14:00,5.23,15656,14.09,17.69,2685,6
2016/8/7 15:00,5.41,15625,13.86,18.77,2685,28.6
2016/8/7 16:00,5.33,15593,14.04,0,2574,60.6
2016/8/7 17:00,5.3,15561,13.94,0,2351,61.6
2016/8/7 18:00,5.48,15529,14.02,0,2165,50.5
2016/8/7 19:00,5.16,15498,14.04,0.22,1979,50.6
2016/8/7 20:00,5.48,15466,14.05,1.28,1888,0
2016/8/7 21:00,5.33,15434,14.19,17.19,1961,0
2016/8/7 22:00,5.16,15403,14.07,17.19,2017,0
2016/8/7 23:00,5.13,15371,14.06,17.69,2072,0
2016/8/8 0:00,5.07,15339,14.07,17.19,2147,0
2016/8/8 1:00,5.15,15308,13.8,17.19,2202,0
2016/8/8 2:00,5.22,15276,14.16,16.29,2277,0
2016/8/8 3:00,5.09,15244,14.11,16.73,2332,0
2016/8/8 4:00,4.87,15212,14.1,15.48,2388,0
2016/8/8 5:00,4.96,15181,14.25,15.48,2444,0
2016/8/8 6:00,4.9,15138,14.02,15.48,2499,0
2016/8/8 7:00,4.83,15107,13.93,15.1,2555,0
2016/8/8 8:00,4.6,15075,14.08,15.48,2611,0
2016/8/8 9:00,4.65,15043,14.04,15.87,2667,0
2016/8/8 10:00,4.53,15012,14.01,15.1,2722,0
2016/8/8 11:00,4.69,14969,14.23,15.87,2778,0
2016/8/8 12:00,5.04,14938,14.22,14.07,2815,0
2016/8/8 13:00,4.03,14906,13.92,15.48,2871,0
2016/8/8 14:00,4.56,14864,14.13,15.65,2927,6
2016/8/8 15:00,4.41,14832,14.17,11,2927,28.2
2016/8/8 16:00,4.28,14800,14.22,0.25,2815,48.8
2016/8/8 17:00,4.53,14758,14.29,0,2537,75.8
2016/8/8 18:00,4.4,14726,14.2,0,2221,75.9
2016/8/8 19:00,4.64,14695,14.34,0,1905,75.8
2016/8/8 20:00,4.27,14652,14.38,0,1663,75.4
2016/8/8 21:00,4.38,14621,14.16,0,1420,0
2016/8/8 22:00,4.39,14589,14.35,0,1455,0
2016/8/8 23:00,4.26,14547,14.31,13.75,1507,0
2016/8/9 0:00,4.34,14515,14.17,13.75,1559,0
2016/8/9 1:00,4.46,14483,14.36,14.08,1611,0
2016/8/9 2:00,4.06,14441,14.24,13.75,1645,0
2016/8/9 3:00,4.4,14409,14.43,14.08,1697,0
2016/8/9 4:00,4.59,14367,14.1,13.75,1749,0
2016/8/9 5:00,4.95,14335,14.35,14.08,1801,0
2016/8/9 6:00,4.87,14304,14.31,14.8,1871,0
2016/8/9 7:00,4.91,14272,14.33,14.24,1924,0
2016/8/9 8:00,5.43,14240,14.38,14.4,1961,0
2016/8/9 9:00,6.69,14209,14.18,13.76,2017,0
2016/8/9 10:00,9.57,14198,14.36,12.63,2054,0
2016/8/9 11:00,10.72,14177,14.28,12.38,2109,0
2016/8/9 12:00,12.16,14177,14.32,12.38,2147,0
2016/8/9 13:00,13.07,14166,14.43,12.14,2202,0
2016/8/9 14:00,13.03,14166,14.31,12.14,2239,6
2016/8/9 15:00,11.98,14166,7.31,9.96,2221,29
2016/8/9 16:00,11.2,14177,7.33,0,2072,49.5
2016/8/9 17:00,10.49,14198,8.23,19.74,1819,76.7
2016/8/9 18:00,9.12,14177,14.18,0,1524,74.9
2016/8/9 19:00,7.92,14156,14.07,0,1178,74.7
2016/8/9 20:00,7.44,14135,14.18,0,849,42.8
2016/8/9 21:00,6.72,14103,14.03,0,762,0
2016/8/9 22:00,6.25,14082,14.03,0,797,0
2016/8/9 23:00,5.69,14050,14.17,4.51,831,0
2016/8/10 0:00,5.55,14018,14.22,8.62,849,0
2016/8/10 1:00,5.49,13987,14.07,8.02,883,0
2016/8/10 2:00,5.27,13955,14.02,8.02,918,0
2016/8/10 3:00,4.97,13923,14.01,4.81,935,0
2016/8/10 4:00,4.96,13892,14.21,8.02,970,0
2016/8/10 5:00,4.48,13849,14.19,7.7,1005,0
2016/8/10 6:00,4.79,13818,14.21,7.7,1022,0
2016/8/10 7:00,4.47,13786,14.17,7.91,1057,0
2016/8/10 8:00,4.74,13754,14.24,4.81,1074,0
2016/8/10 9:00,4.27,13723,14.19,7.91,1108,0
2016/8/10 10:00,4.2,13680,14.27,8.37,1143,0
2016/8/10 11:00,4.4,13649,13.99,8.25,1178,0
2016/8/10 12:00,4.05,13606,14.2,7.91,1195,0
2016/8/10 13:00,3.99,13575,14.1,7.5,1230,0
2016/8/10 14:00,4.14,13532,14.16,4.81,1247,0
2016/8/10 15:00,4.24,13501,14.19,8.37,1282,0
2016/8/10 16:00,3.84,13458,14.1,6.87,1299,0
2016/8/10 17:00,3.99,13427,14.32,7.31,1334,0
2016/8/10 18:00,3.88,13395,14.27,4.81,1351,0
2016/8/10 19:00,3.87,13353,14.1,6.87,1386,0
2016/8/10 20:00,3.83,13311,14.29,6.41,1403,0
2016/8/10 21:00,3.78,13279,14.33,4.81,1420,0
2016/8/10 22:00,3.79,13237,14.04,5.45,1438,0
2016/8/10 23:00,3.7,13205,14.33,4.81,1455,0
2016/8/11 0:00,4.03,13163,14.19,4.81,1472,0
2016/8/11 1:00,3.71,13131,14.24,4.81,1490,0
2016/8/11 2:00,3.69,13089,14.37,5.5,1524,0
2016/8/11 3:00,3.7,13046,14.4,6.21,1541,0
2016/8/11 4:00,3.71,13015,14.34,4.81,1559,0
2016/8/11 5:00,3.81,12972,14.17,5.95,1576,0
2016/8/11 6:00,3.5,12941,14.33,5.95,1611,0
2016/8/11 7:00,3.45,12898,14.24,4.81,1628,0
2016/8/11 8:00,3.14,12856,14.39,5.89,1645,0
2016/8/11 9:00,3.13,12814,14.15,4.81,1663,0
2016/8/11 10:00,3.39,12782,14.29,6.56,1697,0
2016/8/11 11:00,3.16,12740,14.39,6.71,1715,0
2016/8/11 12:00,3.07,12698,14.41,4.81,1732,0
2016/8/11 13:00,3.25,12655,14.28,6.21,1767,0
2016/8/11 14:00,3.25,12613,14.57,6.08,1784,0
2016/8/11 15:00,3.25,12582,14.36,4.81,1801,0
2016/8/11 16:00,3.19,12539,14.38,5.77,1819,0
2016/8/11 17:00,3.26,12497,14.34,5.55,1853,0
2016/8/11 18:00,3.18,12455,14.38,4.81,1871,0
2016/8/11 19:00,3.27,12412,14.52,6.28,1888,0
2016/8/11 20:00,3.22,12381,14.58,0,1905,0
2016/8/11 21:00,2.97,12338,14.58,4.13,1924,0
2016/8/11 22:00,3.01,12296,14.57,0,1924,0
2016/8/11 23:00,2.65,12254,14.42,5.16,1942,0
2016/8/12 0:00,2.98,12212,14.44,3.99,1961,0
2016/8/12 1:00,3.2,12169,14.41,0,1979,0
2016/8/12 2:00,2.94,12127,14.21,4.21,1998,0
2016/8/12 3:00,2.82,12085,14.58,0,1998,0
2016/8/12 4:00,2.99,12043,14.45,5.16,2017,0
2016/8/12 5:00,3.08,12000,14.69,3.94,2035,0
2016/8/12 6:00,2.86,11958,14.65,0,2054,0
2016/8/12 7:00,2.59,11916,14.41,5.16,2054,0
2016/8/12 8:00,1.91,11874,9.83,3.99,2072,0
2016/8/12 9:00,3.34,11863,7.32,0,2091,0
2016/8/12 10:00,3.42,11842,7.44,4.24,2109,0
2016/8/12 11:00,3.38,11831,7.34,0,2109,0
2016/8/12 12:00,3.5,11821,7.29,5.16,2128,0
2016/8/12 13:00,3.57,11800,7.33,3.68,2147,0
2016/8/12 14:00,3.46,11789,7.29,0,2165,0
2016/8/12 15:00,3.39,11778,7.29,5.16,2165,0
2016/8/12 16:00,3.43,11757,7.43,3.75,2184,0
2016/8/12 17:00,3.55,11747,7.35,0,2202,0
2016/8/12 18:00,3.43,11736,7.3,5.16,2202,0
2016/8/12 19:00,3.6,11726,7.32,3.22,2221,0
2016/8/12 20:00,3.18,11705,7.21,0,2221,0
2016/8/12 21:00,3.33,11694,7.37,5.16,2239,0
2016/8/12 22:00,3.38,11683,7.25,3.13,2258,0
2016/8/12 23:00,3.48,11662,7.35,0,2258,0
2016/8/13 0:00,3.29,11652,7.37,5.16,2277,0
2016/8/13 1:00,3.37,11631,7.3,0,2277,0
2016/8/13 2:00,3.17,11620,7.33,2.83,2295,0
2016/8/13 3:00,3.37,11609,7.33,0,2295,0
2016/8/13 4:00,3.19,11588,7.2,5.16,2314,0
2016/8/13 5:00,3.6,11578,7.26,2.92,2332,0
2016/8/13 6:00,3.16,11567,7.33,0,2332,0
2016/8/13 7:00,3.03,11546,7.26,5.16,2351,0
2016/8/13 8:00,2.93,11535,7.31,0,2351,0
2016/8/13 9:00,2.84,11514,7.33,2.95,2369,0
2016/8/13 10:00,3.16,11504,7.23,0,2369,0
2016/8/13 11:00,3.1,11483,7.35,5.16,2388,0
2016/8/13 12:00,3.09,11472,7.31,3.06,2407,0
2016/8/13 13:00,3.07,11451,7.4,0,2407,0
2016/8/13 14:00,2.95,11440,7.4,5.16,2425,0
2016/8/13 15:00,3.06,11419,7.26,0,2425,0
2016/8/13 16:00,3.13,11409,7.32,2.84,2444,0
2016/8/13 17:00,3.1,11398,7.28,0,2444,0
2016/8/13 18:00,2.97,11377,7.28,0,2444,0
2016/8/13 19:00,2.92,11366,7.32,5.16,2462,0
2016/8/13 20:00,3,11345,7.33,0,2462,0
2016/8/13 21:00,2.96,11335,7.37,1.98,2481,0
2016/8/13 22:00,2.94,11314,7.25,0,2481,0
2016/8/13 23:00,2.91,11303,7.25,5.16,2499,0
2016/8/14 0:00,2.88,11282,7.27,0,2499,0
2016/8/14 1:00,3.01,11271,7.32,2.71,2518,0
2016/8/14 2:00,3.1,11250,7.34,0,2518,0
2016/8/14 3:00,2.73,11240,7.35,0,2537,0
2016/8/14 4:00,3.22,11218,7.22,5.16,2537,0
2016/8/14 5:00,3.06,11208,7.5,2.5,2555,0
2016/8/14 6:00,2.41,11187,7.32,0,2555,0
2016/8/14 7:00,2.73,11176,7.2,5.16,2574,0
2016/8/14 8:00,2.9,11155,7.11,0,2574,0
2016/8/14 9:00,2.7,11145,7.33,2.71,2592,0
2016/8/14 10:00,2.47,11123,7.2,0,2592,0
2016/8/14 11:00,2.87,11102,7.37,5.16,2611,0
2016/8/14 12:00,2.7,11092,7.31,0,2611,0
2016/8/14 13:00,3.05,11071,7.34,2.58,2629,0
2016/8/14 14:00,2.77,11060,7.3,0,2629,0
2016/8/14 15:00,2.86,11039,7.23,0,2648,0
2016/8/14 16:00,2.83,11028,7.35,5.16,2648,0
2016/8/14 17:00,2.86,11007,7.33,2.39,2667,0
2016/8/14 18:00,2.65,10997,7.33,0,2667,0
2016/8/14 19:00,2.77,10975,7.28,0,2685,0
2016/8/14 20:00,2.87,10965,7.34,5.16,2685,0
2016/8/14 21:00,2.73,10944,7.23,0,2685,0
2016/8/14 22:00,2.64,10933,7.23,2.28,2704,0
2016/8/14 23:00,2.65,10912,7.36,0,2704,0
2016/8/15 0:00,2.82,10891,7.35,0,2722,0
2016/8/15 1:00,3.02,10880,7.08,5.16,2722,0
2016/8/15 2:00,2.85,10859,7.36,2.51,2741,0
2016/8/15 3:00,2.62,10849,7.34,0,2741,0
2016/8/15 4:00,3.37,10838,7.34,5.16,2759,0
2016/8/15 5:00,2.76,10817,7.35,2.84,2759,0
2016/8/15 6:00,2.43,10796,7.39,0,2778,0
2016/8/15 7:00,2.4,10785,7.31,0,2778,0
2016/8/15 8:00,2.1,10764,7.26,5.16,2797,0
2016/8/15 9:00,2.44,10743,7.31,0,2797,0
2016/8/15 10:00,2.5,10732,7.32,2.04,2815,0
2016/8/15 11:00,3.39,10711,7.31,0,2815,0
2016/8/15 12:00,2.58,10701,7.11,5.16,2815,0
2016/8/15 13:00,2.5,10680,7.27,0,2834,0
2016/8/15 14:00,2.31,10658,7.2,4.8,2834,21.7
2016/8/15 15:00,2.66,10648,7.24,0,2741,48.9
2016/8/15 16:00,2.12,10627,7.2,0,2481,72.1
2016/8/15 17:00,2.44,10606,7.04,0,2128,76.1
2016/8/15 18:00,2.68,10595,7.21,19.02,1801,75.9
2016/8/15 19:00,2.33,10574,12.87,0,1472,74.7
2016/8/15 20:00,1.73,10532,13.53,0,1108,75.6
2016/8/15 21:00,2,10491,13.55,0,745,41.9
2016/8/15 22:00,2.98,10453,13.28,0,641,0
2016/8/15 23:00,2.99,10416,13.55,4.81,658,0
2016/8/16 0:00,3.07,10378,13.43,0,658,0
2016/8/16 1:00,2.93,10341,13.25,3.98,675,0
2016/8/16 2:00,2.64,10294,13.16,0,675,0
2016/8/16 3:00,3.23,10266,13.26,0,693,0
2016/8/16 4:00,2.72,10219,13.37,4.81,693,0
2016/8/16 5:00,2.86,10182,13.47,2.41,710,0
2016/8/16 6:00,3.04,10144,13.37,0,710,0
2016/8/16 7:00,2.96,10107,13.43,4.81,727,0
2016/8/16 8:00,2.86,10069,13.42,0,727,0
2016/8/16 9:00,3.3,10032,13.47,2.47,745,0
2016/8/16 10:00,3.15,9994,13.64,0,762,0
2016/8/16 11:00,3.94,9966,13.49,4.81,762,0
2016/8/16 12:00,3.91,9929,13.43,2.45,779,0
2016/8/16 13:00,3.78,9891,13.29,0,779,0
2016/8/16 14:00,5.26,9863,13.38,4.81,797,0
2016/8/16 15:00,7.31,9844,13.55,0,797,0
2016/8/16 16:00,10.89,9835,13.53,2.65,814,0
2016/8/16 17:00,12.24,9835,13.42,0,814,0
2016/8/16 18:00,11.58,9826,13.49,4.81,831,0
2016/8/16 19:00,10.66,9807,13.44,0,831,0
2016/8/16 20:00,8.85,9798,13.17,2.48,849,0
2016/8/16 21:00,7.43,9779,13.38,0,849,0
2016/8/16 22:00,7.22,9751,13.43,0,866,0
2016/8/16 23:00,6.19,9723,13.5,4.81,866,0
2016/8/17 0:00,6.21,9704,13.62,2.47,883,0
2016/8/17 1:00,5.53,9676,13.41,0,883,0
2016/8/17 2:00,6.54,9648,13.46,4.81,901,0
2016/8/17 3:00,6.62,9620,13.3,2.79,918,0
2016/8/17 4:00,9.14,9610,13.4,0,935,0
2016/8/17 5:00,14.32,9610,13.61,4.81,935,0
2016/8/17 6:00,14.11,9610,13.46,3.54,953,0
2016/8/17 7:00,13.42,9610,13.54,0,970,0
2016/8/17 8:00,16.71,9620,13.45,4.81,970,0
2016/8/17 9:00,35.59,9713,13.65,3.77,1005,0
2016/8/17 10:00,73.87,9938,13.61,13.12,1057,0
2016/8/17 11:00,91.06,10210,13.5,13.12,1108,0
2016/8/17 12:00,109.02,10585,13.95,16.5,1160,0
2016/8/17 13:00,125.67,10975,13.73,41.24,1282,0
2016/8/17 14:00,110.93,11314,13.81,52.48,1455,6
2016/8/17 15:00,92.33,11599,14.03,68.5,1715,21.9
2016/8/17 16:00,88.42,11874,13.97,105.96,1998,50.1
2016/8/17 17:00,123.82,12286,14.08,90.81,2091,71.6
2016/8/17 18:00,233.67,13110,14.18,95.07,2165,72.7
2016/8/17 19:00,375.65,14441,14.26,134.31,2332,73.3
2016/8/17 20:00,332.18,15551,13.67,256.34,2797,83.1
2016/8/17 21:00,246.39,16379,13.63,554.67,3966,84.9
2016/8/17 22:00,202.35,17059,3.6,699.8,5917,86.4
2016/8/17 23:00,164.44,17634,3.77,592.34,7881,87.7
2016/8/18 0:00,137.11,18104,6.56,533.22,9548,97.92
2016/8/18 1:00,114.46,18480,9.18,401.86,10898,99.3
2016/8/18 2:00,98.99,18797,11.65,296.48,11785,98.98
2016/8/18 3:00,86.85,19056,13.88,238.6,12419,97.92
2016/8/18 4:00,77.65,19279,15.86,204.13,12884,98.46
2016/8/18 5:00,70.15,19479,17.65,187.09,13222,98.66
2016/8/18 6:00,64.38,19631,28.88,166.87,13497,98.99
2016/8/18 7:00,58.55,19714,33.19,148.97,13709,98.2
2016/8/18 8:00,53.75,19796,31.38,138.81,13882,98.9
2016/8/18 9:00,50.1,19855,31.9,130.09,14016,98.52
2016/8/18 10:00,47.44,19913,32.56,124.88,14129,98.42
2016/8/18 11:00,44.21,19949,32.84,119.6,14219,99.12
2016/8/18 12:00,41.88,19984,33.21,115.69,14286,98.12
2016/8/18 13:00,39.65,20007,33.49,113.71,14331,97.72
2016/8/18 14:00,37.72,20019,33.77,105.55,14353,96.92
2016/8/18 15:00,35.86,20031,33.67,108.63,14376,96.84
2016/8/18 16:00,34.46,20031,33.55,87.4,14353,98.92
2016/8/18 17:00,32.5,20019,33.61,92.96,14331,98.82
2016/8/18 18:00,31.92,20019,33.63,86.1,14286,98.12
2016/8/18 19:00,30.77,20007,33.45,83.25,14219,98.62
2016/8/18 20:00,29.57,19996,33.32,59.21,14084,98.82
2016/8/18 21:00,28.51,19972,33.13,56.96,13927,98.62
2016/8/18 22:00,27.26,19949,33,51.69,13751,99.3
2016/8/18 23:00,26.61,19925,32.81,48.23,13582,97.79
2016/8/19 0:00,26.92,19913,32.44,57.11,13434,98.38
2016/8/19 1:00,26.55,19890,32.41,51.7,13265,98.06
2016/8/19 2:00,27.3,19866,32.11,54.31,13096,98.66
2016/8/19 3:00,29.14,19855,31.97,48.05,12927,99.16
2016/8/19 4:00,31.12,19855,31.99,44.14,12736,98.74
2016/8/19 5:00,33.96,19866,32.08,39.69,12546,98.84
2016/8/19 6:00,31.2,19855,32.11,44.47,12335,98.32
2016/8/19 7:00,29.39,19855,31.95,44.34,12145,98.61
2016/8/19 8:00,27.8,19831,31.75,44.54,11933,98.5
2016/8/19 9:00,26.26,19819,31.75,34.85,11722,98.28
2016/8/19 10:00,25.35,19796,31.33,40.09,11489,98.36
2016/8/19 11:00,24.9,19772,30.61,33.89,11257,97.34
2016/8/19 12:00,24.63,19784,20.92,28.33,11024,98.3
2016/8/19 13:00,24.6,19796,27.6,28.49,10771,98.6
2016/8/19 14:00,23.32,19761,30.85,34.3,10538,98.06
2016/8/19 15:00,22.72,19737,30.76,27.94,10285,98.84
2016/8/19 16:00,22.08,19702,30.32,28.11,10031,98.04
2016/8/19 17:00,21.25,19667,29.93,27.26,9799,97.39
2016/8/19 18:00,20.95,19643,29.73,30.52,9548,98.56
2016/8/19 19:00,20.54,19608,29.56,32.91,9290,99.03
2016/8/19 20:00,19.83,19573,28.97,32.96,9052,98.91
2016/8/19 21:00,19.5,19537,28.77,0,8813,98.48
2016/8/19 22:00,18.7,19502,28.37,32.86,8556,98.77
2016/8/19 23:00,18.59,19467,28.11,32.83,8298,98.44
2016/8/20 0:00,18.19,19432,27.7,32.69,8060,98.42
2016/8/20 1:00,17.76,19396,27.51,20.88,7841,86.3
2016/8/20 2:00,17.83,19361,27.22,35.81,7663,86
2016/8/20 3:00,17.31,19326,26.88,35.34,7464,85.6
2016/8/20 4:00,17.96,19303,26.59,31.29,7266,86.6
2016/8/20 5:00,17.68,19267,26.24,31.43,7087,86
2016/8/20 6:00,17.68,19232,25.99,31.06,6869,86.4
2016/8/20 7:00,17.56,19209,25.76,31.07,6671,85.9
2016/8/20 8:00,18.35,19185,25.47,30.7,6472,85.9
2016/8/20 9:00,19.24,19162,25.29,30.85,6254,86
2016/8/20 10:00,21.56,19150,25.15,25.76,6056,85.7
2016/8/20 11:00,24.79,19150,25.38,25.69,5837,85.9
2016/8/20 12:00,28.21,19162,25.42,25.61,5639,85.2
2016/8/20 13:00,30.78,19173,25.38,29.34,5434,85.1
2016/8/20 14:00,39.58,19232,25.87,56.2,5378,85.7
2016/8/20 15:00,47.82,19314,26.69,92.65,5415,85.8
2016/8/20 16:00,45.91,19373,27.43,158.44,5619,86
2016/8/20 17:00,43.8,19432,27.8,280.68,6175,86.4
2016/8/20 18:00,40.52,19479,28.3,532.73,7365,86.7
2016/8/20 19:00,39.13,19514,28.69,570.48,8992,93.39
2016/8/20 20:00,36.65,19549,28.93,512.91,10517,97.6
2016/8/20 21:00,35.6,19561,29.08,481.42,11933,98.2
2016/8/20 22:00,33.3,19584,29.13,541.41,13434,97.98
2016/8/20 23:00,31.21,19584,29.39,624,15184,110.54
2016/8/21 0:00,29.39,19584,29.33,558.66,16869,111.24
2016/8/21 1:00,28.26,19584,29.25,508.85,18378,111.18
2016/8/21 2:00,27.22,19573,29.3,469.94,19736,112.61
2016/8/21 3:00,26.08,19561,29.15,411.69,20927,111.21
2016/8/21 4:00,25.65,19549,28.93,356.91,21903,111.61
2016/8/21 5:00,25.77,19537,28.81,324.36,22737,110.98
2016/8/21 6:00,27.41,19537,28.68,306.66,23474,110.24
2016/8/21 7:00,29.91,19537,28.82,296.57,24155,110
2016/8/21 8:00,39.18,19584,29.23,271.4,24786,110.36
2016/8/21 9:00,53.39,19667,30.07,267.18,25340,109.81
2016/8/21 10:00,63.9,19796,31.42,257.42,25895,110.15
2016/8/21 11:00,70.7,19937,32.83,247.49,26425,109.3
2016/8/21 12:00,68.22,20054,33.85,249.97,26929,108.45
2016/8/21 13:00,66.12,20172,35.26,254.13,27434,109.85
2016/8/21 14:00,62.59,20266,36.34,263.72,27989,109.42
2016/8/21 15:00,57.29,20336,37.18,288.84,28568,109.17
2016/8/21 16:00,53.45,20395,37.22,298.94,29235,109.12
2016/8/21 17:00,51.03,20442,38.22,310.7,29955,109.06
2016/8/21 18:00,51.03,20489,38.49,300.78,30648,109.44
2016/8/21 19:00,54.1,20548,39.45,277.98,31288,108.8
2016/8/21 20:00,58.47,20618,39.74,255.79,31875,109.14
2016/8/21 21:00,58.93,20677,40.45,243.29,32382,108.88
2016/8/21 22:00,55.21,20736,41.43,234.05,32862,109.33
2016/8/21 23:00,51.14,20759,41.55,223.62,33288,108.98
2016/8/22 0:00,48.08,20783,41.75,227.69,33702,108.94
2016/8/22 1:00,46.33,20806,41.93,217.32,34124,109.06
2016/8/22 2:00,44.3,20806,42.21,211.86,34491,109.12
2016/8/22 3:00,42.8,20818,42.38,207.22,34857,109.46
2016/8/22 4:00,41.25,20806,42.08,201.15,35195,109.58
2016/8/22 5:00,39.8,20806,41.75,185.65,35505,109.62
2016/8/22 6:00,38.56,20794,41.83,184.56,35786,109.84
2016/8/22 7:00,37.15,20771,41.88,182.99,36068,109.88
2016/8/22 8:00,35.99,20759,41.23,178.84,36321,109.9
2016/8/22 9:00,34.79,20736,41.11,175.35,36575,108.72
2016/8/22 10:00,33.8,20700,40.74,174.56,36800,108.74
2016/8/22 11:00,32.86,20677,40.31,168.65,36997,109.08
2016/8/22 12:00,32.15,20642,40.19,160.09,37195,109.08
2016/8/22 13:00,31.4,20618,39.93,158.75,37392,109.1
2016/8/22 14:00,30.57,20583,38.92,158.17,37561,109.12
2016/8/22 15:00,29.81,20548,39.01,163.54,37758,109.34
2016/8/22 16:00,29.16,20513,38.82,170.77,37927,109.56
2016/8/22 17:00,28.84,20477,38.11,170.92,38124,109.18
2016/8/22 18:00,38.65,20489,38.12,164.44,38321,108.88
2016/8/22 19:00,46.18,20524,38.99,166.15,38547,108.82
2016/8/22 20:00,57.25,20583,39.49,169.16,38772,108.64
2016/8/22 21:00,52.83,20630,39.97,162.1,38997,108.71
2016/8/22 22:00,45.5,20653,40.04,161.32,39171,108.93
2016/8/22 23:00,50.46,20689,40.73,159.86,39379,108.55
2016/8/23 0:00,77.63,20830,42.1,154.04,39527,108.97
2016/8/23 1:00,72.84,20935,43.34,146.79,39676,108.98
2016/8/23 2:00,61.46,20994,43.68,147.8,39825,108.9
2016/8/23 3:00,60.31,21053,44.54,148.84,39973,108.66
2016/8/23 4:00,66.12,21135,45.59,159.44,40152,108.58
2016/8/23 5:00,91.51,21300,47.45,197.12,40389,108.68
2016/8/23 6:00,126.7,21582,51.32,241.88,40776,108.82
2016/8/23 7:00,171.92,22030,56.78,433.79,41608,109.1
2016/8/23 8:00,222.48,22613,63.96,785.15,43480,123.53
2016/8/23 9:00,201.49,23091,69.54,995.39,46122,183.34
2016/8/23 10:00,164.05,23422,73.89,745.34,48347,258.71
2016/8/23 11:00,135.18,23621,76.57,560.5,49726,266.23
2016/8/23 12:00,118.59,23766,78.29,480.09,50697,266.25
2016/8/23 13:00,104.44,23859,79.59,414.13,51358,266.68
2016/8/23 14:00,94.43,23912,79.9,384.4,51853,266.66
2016/8/23 15:00,86.03,23925,80.33,346.09,52217,265.96
2016/8/23 16:00,77.33,23912,80.14,317.59,52448,266.48
2016/8/23 17:00,71.92,23886,79.36,294.7,52580,266.46
2016/8/23 18:00,65.87,23833,79.43,282.96,52679,266.02
2016/8/23 19:00,61.36,23766,78.23,258.05,52712,266.84
2016/8/23 20:00,57.65,23700,77.3,266.81,52712,266.64
2016/8/23 21:00,53.82,23607,76.13,245.28,52646,267
2016/8/23 22:00,51.22,23528,75.23,234.09,52547,266.24
2016/8/23 23:00,48.1,23422,73.96,223.67,52415,266.76
2016/8/24 0:00,45.61,23329,72.57,215.83,52250,266.48
2016/8/24 1:00,43.7,23223,71.12,211.55,52085,266.18
2016/8/24 2:00,41.71,23117,69.72,202.91,51853,266.26
2016/8/24 3:00,39.91,23011,67.94,195.44,51589,265.8
2016/8/24 4:00,37.76,22905,66.83,188.14,51325,265.26
2016/8/24 5:00,35.86,22799,65.58,184.33,51042,264.97
2016/8/24 6:00,33.93,22693,64.18,178.24,50728,264.77
2016/8/24 7:00,33.35,22574,62.44,170.82,50415,264.77
2016/8/24 8:00,30.87,22468,61.52,164.36,50070,264.55
2016/8/24 9:00,30.04,22362,59.98,161.49,49694,264.41
2016/8/24 10:00,28.65,22242,58.93,157.59,49318,263.87
2016/8/24 11:00,27.77,22136,57.65,149.56,48942,263.33
2016/8/24 12:00,26.4,22030,56.25,150.44,48535,263.47
2016/8/24 13:00,25.9,21911,54.81,143.85,48096,262.49
2016/8/24 14:00,25.04,21805,54.19,137.36,47658,261.91
2016/8/24 15:00,24.55,21712,52.98,131.27,47188,256.48
2016/8/24 16:00,26.25,21617,51.58,135.83,46812,216.24
2016/8/24 17:00,26.08,21523,50.32,137.28,46624,170.14
2016/8/24 18:00,25.58,21441,49.56,146.75,46561,166.27
2016/8/24 19:00,25.04,21347,48.46,136.04,46467,164.93
2016/8/24 20:00,24.15,21264,47.06,133.65,46342,165.4
2016/8/24 21:00,23.91,21182,46.31,131.1,46248,164.98
2016/8/24 22:00,22.93,21100,44.79,129.44,46122,165.24
2016/8/24 23:00,22.24,21018,44.1,127.07,45997,165.2
2016/8/25 0:00,21.98,20947,43.3,127.13,45840,164.75
2016/8/25 1:00,21.38,20865,42.11,122.37,45684,165.01
2016/8/25 2:00,20.88,20794,41.58,123.07,45527,164.77
2016/8/25 3:00,20.23,20724,40.06,115.27,45370,164.82
2016/8/25 4:00,19.75,20642,39.54,118.03,45214,164.98
2016/8/25 5:00,19.5,20571,39.04,111.11,45026,164.42
2016/8/25 6:00,19.34,20501,38.17,114.13,44847,164.38
2016/8/25 7:00,18.27,20430,37.62,111.12,44669,164.52
2016/8/25 8:00,18.03,20360,36.97,109.86,44461,165.66
2016/8/25 9:00,17.53,20301,36,108.39,44253,165.6
2016/8/25 10:00,17.36,20231,34.85,110.28,44045,165.54
2016/8/25 11:00,16.83,20172,34.38,105.64,43837,165.58
2016/8/25 12:00,16.25,20101,34.04,101.2,43629,165.3
2016/8/25 13:00,16.67,20043,33.34,105.16,43421,165.34
2016/8/25 14:00,15.94,19972,32.72,103.27,43183,165.06
2016/8/25 15:00,15.54,19913,32.19,97.65,42945,164.9
2016/8/25 16:00,15.72,19855,31.89,96.45,42707,164.84
2016/8/25 17:00,15.13,19796,31.08,95.53,42440,165.94
2016/8/25 18:00,14.97,19737,30.37,95.68,42202,165.88
2016/8/25 19:00,14.3,19690,29.94,92.08,41935,165.6
2016/8/25 20:00,14.19,19631,28.9,92.26,41667,165.42
2016/8/25 21:00,14.23,19584,28.56,92.71,41400,165.43
2016/8/25 22:00,13.28,19526,28.24,88.51,41132,164.86
2016/8/25 23:00,14.18,19467,27.8,81.86,40835,165.37
2016/8/26 0:00,15.23,19432,27.54,83.91,40597,149.16
2016/8/26 1:00,13.63,19373,26.69,89.29,40360,148.7
2016/8/26 2:00,14.19,19338,26.38,86.77,40152,148.64
2016/8/26 3:00,15.03,19291,25.96,82.54,39914,148.6
2016/8/26 4:00,16.19,19256,26.02,90.19,39706,148.74
2016/8/26 5:00,18.45,19232,25.32,90.03,39468,148.48
2016/8/26 6:00,18.06,19220,25.55,77.47,39230,147.92
2016/8/26 7:00,18.83,19185,25.44,89.36,39025,148.06
2016/8/26 8:00,22.04,19173,25.16,89.27,38800,148.22
2016/8/26 9:00,30.49,19197,25.19,92.58,38603,147.56
2016/8/26 10:00,51.39,19291,26.04,97.97,38378,150.2
2016/8/26 11:00,51.28,19373,26.94,91.41,38180,149.86
2016/8/26 12:00,36.44,19408,27.29,91.2,37955,149.8
2016/8/26 13:00,29.1,19420,27.12,94.53,37730,149.74
2016/8/26 14:00,25.31,19408,27.52,87.01,37504,151.78
2016/8/26 15:00,23.06,19396,26.96,88.22,37279,150.62
2016/8/26 16:00,21.44,19373,26.66,88.02,37054,150.46
2016/8/26 17:00,21.05,19350,26.64,83.43,36828,150.3
2016/8/26 18:00,21.48,19338,26.63,95.16,36631,150.36
2016/8/26 19:00,24.85,19326,26.3,95.03,36406,150.1
2016/8/26 20:00,26.94,19326,26.65,83.13,36209,149.94
2016/8/26 21:00,28.32,19338,26.31,82.94,35983,149.88
2016/8/26 22:00,26.98,19338,26.6,77.67,35758,149.64
2016/8/26 23:00,24.94,19326,26.61,82.73,35533,150.28
2016/8/27 0:00,23.88,19326,26.44,72.25,35307,150.4
2016/8/27 1:00,22.82,19314,26.63,74.55,35054,146.4
2016/8/27 2:00,21.86,19291,26.14,79.52,34800,146.54
2016/8/27 3:00,21.08,19279,26.2,74.15,34575,146.58
2016/8/27 4:00,20.3,19256,25.75,74.09,34322,146.52
2016/8/27 5:00,20.08,19232,25.7,67.86,34068,146.16
2016/8/27 6:00,19.61,19209,25.47,62.01,33815,147.8
2016/8/27 7:00,19.29,19197,25.26,69.01,33533,147.12
2016/8/27 8:00,18.8,19173,25.06,73.01,33262,146.86
2016/8/27 9:00,18.27,19150,24.69,72.94,32995,141.61
2016/8/27 10:00,18.44,19126,24.92,70.03,32755,137.76
2016/8/27 11:00,17.66,19091,24.42,74.77,32515,137.82
2016/8/27 12:00,17.69,19068,24.64,78.84,32302,138.06
2016/8/27 13:00,17.08,19044,24.17,69.51,32062,138.1
2016/8/27 14:00,17.18,19021,24.3,74.37,31822,137.96
2016/8/27 15:00,16.79,18997,23.95,69.2,31582,137.6
2016/8/27 16:00,16.6,18974,23.24,69,31342,137.94
2016/8/27 17:00,16.28,18950,23.54,73.78,31075,137.18
2016/8/27 18:00,16.09,18927,23.41,68.71,30835,137.14
2016/8/27 19:00,15.69,18891,22.51,68.6,30595,138.38
2016/8/27 20:00,15.4,18868,22.9,63.99,30328,138.32
2016/8/27 21:00,15.25,18844,22.49,63.87,30062,137.86
2016/8/27 22:00,15.06,18821,22.35,63.6,29795,137.9
2016/8/27 23:00,15.08,18797,21.87,65.01,29528,139.06
2016/8/28 0:00,14.73,18762,22.01,64.86,29262,138.6
2016/8/28 1:00,14.78,18739,21.48,70.29,28995,138.74
2016/8/28 2:00,14.29,18715,21.21,64.64,28728,138.78
2016/8/28 3:00,14.1,18692,21.3,57.52,28435,138.62
2016/8/28 4:00,13.97,18668,21.37,61.55,28195,118.24
2016/8/28 5:00,13.45,18645,20.74,65.51,28014,117.8
2016/8/28 6:00,13.62,18609,20.76,66.3,27812,118.88
2016/8/28 7:00,13.44,18586,20.48,66.48,27610,118.76
2016/8/28 8:00,12.93,18562,19.86,66.32,27434,119.12
2016/8/28 9:00,13.16,18539,19.9,62.74,27232,118.98
2016/8/28 10:00,13.01,18515,20.11,62.59,27030,118.86
2016/8/28 11:00,12.77,18492,19.4,62.5,26829,118.72
2016/8/28 12:00,12.31,18457,19.38,63.64,26627,119.8
2016/8/28 13:00,12.57,18433,19.16,63.69,26425,119.26
2016/8/28 14:00,12.41,18410,19.24,63.56,26223,120.04
2016/8/28 15:00,12.26,18386,18.55,59.56,25996,119.6
2016/8/28 16:00,12.29,18363,18.49,59.45,25794,119.76
2016/8/28 17:00,11.93,18339,18.26,59.37,25567,119.84
2016/8/28 18:00,12.32,18316,18.48,54.87,25366,119.1
2016/8/28 19:00,12.13,18304,18.4,59.33,25164,119.56
2016/8/28 20:00,12.32,18280,17.82,59.21,24937,119.42
2016/8/28 21:00,12.33,18257,17.67,59.03,24710,119.1
2016/8/28 22:00,12.22,18233,17.73,62.91,24508,118.88
2016/8/28 23:00,12.84,18222,17.65,45.91,24281,108.7
2016/8/29 0:00,12.75,18198,17.55,61.92,24105,108.78
2016/8/29 1:00,12.75,18186,17.4,61.77,23928,108.34
2016/8/29 2:00,12.88,18175,17.54,55.76,23751,108.64
2016/8/29 3:00,13.17,18151,16.93,61.58,23575,108.02
2016/8/29 4:00,13.58,18140,16.84,58.86,23398,108.6
2016/8/29 5:00,14.18,18128,17.02,55.72,23222,107.9
2016/8/29 6:00,15.17,18128,17.19,58.68,23047,108.08
2016/8/29 7:00,16.68,18128,17.33,58.98,22856,109.86
2016/8/29 8:00,19.05,18128,17.26,65.61,22689,109.64
2016/8/29 9:00,20.73,18140,17.36,60.03,22523,109.54
2016/8/29 10:00,23.67,18175,16.75,56.66,22332,109.92
2016/8/29 11:00,26.79,18198,17.14,56.69,22118,109.7
2016/8/29 12:00,29.26,18245,17.91,56.61,21903,109.78
2016/8/29 13:00,32.33,18292,18.22,62.65,21713,109.56
2016/8/29 14:00,36.21,18363,18.47,59.7,21546,108.94
2016/8/29 15:00,41.23,18445,19.59,52.57,21355,109.22
2016/8/29 16:00,47.58,18551,20,59.46,21165,108.7
2016/8/29 17:00,54.51,18668,21.11,62.38,20998,109.18
2016/8/29 18:00,61.35,18821,22.31,68.89,20831,126.54
2016/8/29 19:00,69.05,18985,23.54,69.5,20545,148.58
2016/8/29 20:00,76.77,19173,25.31,69.1,20260,148.18
2016/8/29 21:00,79.94,19373,26.83,76.3,19998,148.4
2016/8/29 22:00,85.67,19584,29.1,67,19759,139.12
2016/8/29 23:00,99.79,19831,31.94,78.04,19521,138.56
2016/8/30 0:00,117.87,20137,34.63,72.83,19283,138.7
2016/8/30 1:00,133.57,20501,38.93,82.12,19045,138.64
2016/8/30 2:00,144.08,20877,42.88,66.49,18830,138.66
2016/8/30 3:00,158.16,21288,47.57,81.83,18616,138
2016/8/30 4:00,185.7,21779,53.77,77.26,18402,137.94
2016/8/30 5:00,237.74,22441,61.67,80.56,18194,137.98
2016/8/30 6:00,280.21,23223,71.29,88.03,17992,138.02
2016/8/30 7:00,318.23,24098,82.82,80.34,17812,137.98
2016/8/30 8:00,326.58,24959,91.76,91.02,17633,137.82
2016/8/30 9:00,325.66,25794,97.23,90.91,17453,137.56
2016/8/30 10:00,332.44,26629,101.89,90.74,17296,137.52
2016/8/30 11:00,340.66,27474,107.12,93.33,17116,137.26
2016/8/30 12:00,362.99,28412,111.7,90.75,16959,137.32
2016/8/30 13:00,467.44,29746,106.26,95.67,16801,137.36
2016/8/30 14:00,553.95,31359,113.19,97.88,16644,137.32
2016/8/30 15:00,544.5,32884,119.35,99.86,16509,137.18
2016/8/30 16:00,524.46,34350,124.97,131.53,16532,99.04
2016/8/30 17:00,568.86,35946,130.8,139.89,16667,98.04
2016/8/30 18:00,641.54,37799,136.74,157.11,16846,97.96
2016/8/30 19:00,686.99,39764,154.45,163.89,17071,98.36
2016/8/30 20:00,666.91,41521,177.16,180.51,17341,98.78
2016/8/30 21:00,644.31,43182,242.37,184.69,17633,98.38
2016/8/30 22:00,646.88,44311,409.71,208.41,18014,98.9
2016/8/30 23:00,625.59,44887,517.32,268.5,18521,98.94
2016/8/31 0:00,707.31,45394,623.06,304.6,19188,99.06
2016/8/31 1:00,687.19,45498,647.93,403.82,20164,98.99
2016/8/31 2:00,538.17,45184,578.54,496.85,21427,98.94
2016/8/31 3:00,416.16,44730,487.83,618.32,23146,76.4
2016/8/31 4:00,331.56,44294,408.21,823.74,25517,56.4
2016/8/31 5:00,271.67,43927,345.52,809.62,28275,0
2016/8/31 6:00,228.95,43582,295.93,766.1,31155,0
2016/8/31 7:00,198.58,43299,257.19,655.54,33646,0
2016/8/31 8:00,175.04,43049,227.61,622.9,36012,0
2016/8/31 9:00,157.15,42833,204.33,531.41,38068,0
2016/8/31 10:00,139.76,42633,185.87,502.35,39914,0
2016/8/31 11:00,124.08,42450,170.47,438.37,41608,0
2016/8/31 12:00,111.98,42250,158.8,391.55,43123,0
2016/8/31 13:00,103.35,42067,151.31,366.7,44491,0
2016/8/31 14:00,96.84,41872,149.1,361.91,45809,0
2016/8/31 15:00,91.38,41665,148.49,317.57,47031,0
2016/8/31 16:00,84.62,41441,147.82,304.7,48159,0
2016/8/31 17:00,78.78,41185,147.08,280.42,49193,0
2016/8/31 18:00,73.63,40930,146.31,261.09,50164,0
2016/8/31 19:00,68.04,40642,145.48,244.8,51104,0
2016/8/31 20:00,63.99,40355,144.6,262.11,52019,0
2016/8/31 21:00,59.55,40051,143.69,238.88,52910,0
2016/8/31 22:00,56.45,39732,142.73,231.78,53735,23.5
2016/8/31 23:00,52.69,39412,141.75,219.73,54462,52.3
2016/9/1 0:00,49.83,39077,140.75,203.75,55056,49.3
2016/9/1 1:00,46.77,38742,139.7,210.12,55617,69.8
2016/9/1 2:00,43.94,38390,138.64,199.56,56079,71.3
2016/9/1 3:00,40.95,38039,137.53,193.83,56542,70.4
2016/9/1 4:00,39.05,37687,136.42,188.45,56971,70.3
2016/9/1 5:00,36.73,37336,135.29,181.13,57367,70.5
2016/9/1 6:00,34.69,36969,134.13,175.21,57763,70.6
2016/9/1 7:00,32.33,36601,132.94,183.65,58173,70.4
2016/9/1 8:00,30.25,36234,131.75,175.19,58556,69.8
2016/9/1 9:00,28.42,35867,130.53,168.03,58903,69.6
2016/9/1 10:00,28.61,35508,129.28,162.48,59251,70
2016/9/1 11:00,33.36,35171,128.03,158.03,59599,69.4
2016/9/1 12:00,31.85,34819,126.75,157.38,59912,69.9
2016/9/1 13:00,30.08,34467,125.46,153.14,60224,69.7
2016/9/1 14:00,28.65,34130,124.15,148.76,60537,69.7
2016/9/1 15:00,27.38,33778,122.83,144.21,60816,69
2016/9/1 16:00,26.05,33441,121.5,146.51,61094,69.3
2016/9/1 17:00,24.71,33089,120.15,142,61337,69.1
2016/9/1 18:00,23.72,32737,118.79,141.28,61511,120.46
2016/9/1 19:00,22.36,32400,117.41,130.1,61476,158.32
2016/9/1 20:00,21.26,32048,116.02,120.43,61233,212.28
2016/9/1 21:00,20.15,31711,114.62,107.94,60781,248.94
2016/9/1 22:00,19.08,31374,113.21,97.59,60259,250.98
2016/9/1 23:00,18.03,31022,111.78,102.77,59738,250.94
2016/9/2 0:00,16.63,30685,110.34,96.05,59182,250.35
2016/9/2 1:00,15.96,30347,108.89,97.02,58625,249.68
2016/9/2 2:00,15.08,30010,107.42,92.02,58069,250
2016/9/2 3:00,14.05,29688,105.96,102.76,57499,249.52
2016/9/2 4:00,13.14,29350,104.47,98.01,56971,248.84
2016/9/2 5:00,11.81,29013,102.97,94.8,56409,248.45
2016/9/2 6:00,11.13,28691,101.46,93.62,55881,248.68
2016/9/2 7:00,10.3,28368,99.93,89.62,55287,247.48
2016/9/2 8:00,16.41,28075,98.39,90.56,54726,247.58
2016/9/2 9:00,19.53,27794,96.83,90.83,54165,249.39
2016/9/2 10:00,18.79,27512,95.27,83.87,53570,248.58
2016/9/2 11:00,18.36,27230,93.69,80.46,52976,248.68
2016/9/2 12:00,17.79,26973,92.14,83.07,52382,248.47
2016/9/2 13:00,14.15,26695,90.55,82.61,51787,247.67
2016/9/2 14:00,14.18,26417,88.97,90.61,51167,247.33
2016/9/2 15:00,13.22,26152,87.37,90.1,50572,246.59
2016/9/2 16:00,12.8,25887,85.78,89.71,49976,246.15
2016/9/2 17:00,12.26,25622,84.18,89.2,49381,246
2016/9/2 18:00,11.5,25357,82.54,88.74,48786,244.97
2016/9/2 19:00,10.57,25105,80.91,88.16,48190,244.63
2016/9/2 20:00,10.18,24853,79.28,87.6,47564,244.45
2016/9/2 21:00,10.02,24601,77.58,92.11,46937,248.78
2016/9/2 22:00,9.91,24363,74.24,39.32,46310,248.22
2016/9/2 23:00,9.64,24137,71.09,91.78,45715,248.48
2016/9/3 0:00,9.5,23925,68.14,91.23,45120,248.06
2016/9/3 1:00,9.79,23713,65.36,98.83,44520,247.32
2016/9/3 2:00,9.69,23528,62.75,98.28,43926,246.56
2016/9/3 3:00,9.65,23342,60.29,97.79,43302,246.5
2016/9/3 4:00,9.68,23157,57.97,97.13,42678,245.72
2016/9/3 5:00,9.44,22984,55.77,47.05,42024,245.04
2016/9/3 6:00,9.7,22825,53.71,95.97,41400,244.68
2016/9/3 7:00,9.45,22666,51.76,49.91,40716,247.96
2016/9/3 8:00,9.42,22521,49.91,49.25,40062,247.28
2016/9/3 9:00,9.27,22375,48.16,48.75,39379,246.68
2016/9/3 10:00,9.37,22242,46.51,58.35,38716,245.9
2016/9/3 11:00,9.11,22110,44.92,59.5,38068,247.48
2016/9/3 12:00,9.42,21991,43.45,60.69,37420,246.58
2016/9/3 13:00,9.56,21871,42.05,58.25,36744,246.16
2016/9/3 14:00,9.48,21752,40.72,60.98,36096,245.44
2016/9/3 15:00,10.78,21652,39.44,56.89,35420,244.6
2016/9/3 16:00,12.55,21546,38.22,58.6,34716,246.32
2016/9/3 17:00,12.4,21464,37.07,57.75,34040,245.48
2016/9/3 18:00,12.25,21370,35.98,22.35,33342,247.12
2016/9/3 19:00,12.06,21288,34.93,24.04,32675,246.46
2016/9/3 20:00,12.08,21206,33.95,67.74,32008,245.58
2016/9/3 21:00,11.82,21135,32.98,66.99,31342,244.82
2016/9/3 22:00,11.67,21053,32.07,67.81,30675,245.54
2016/9/3 23:00,11.53,20982,31.21,67.12,29982,244.66
2016/9/4 0:00,11.63,20912,30.39,66.37,29288,244.08
2016/9/4 1:00,11.28,20853,29.6,67.58,28595,246.1
2016/9/4 2:00,11.35,20783,28.84,77.28,27888,245.6
2016/9/4 3:00,11.44,20724,28.14,34.6,27207,244.78
2016/9/4 4:00,11.09,20665,27.45,33.74,26526,244.18
2016/9/4 5:00,11.07,20606,26.78,75.2,25845,243.86
2016/9/4 6:00,10.91,20548,26.16,34.66,25139,244.56
2016/9/4 7:00,10.61,20489,25.54,33.97,24432,243.74
2016/9/4 8:00,10.56,20442,24.95,33.39,23726,243.5
2016/9/4 9:00,10.34,20383,24.37,41.2,22999,244.46
2016/9/4 10:00,10.27,20336,23.83,44.91,22308,243.8
2016/9/4 11:00,10.05,20289,23.29,44.14,21617,242.52
2016/9/4 12:00,10.22,20242,22.79,45.07,20927,243.96
2016/9/4 13:00,10.12,20195,22.31,4.52,20188,242.76
2016/9/4 14:00,9.87,20160,21.85,3.8,19474,241.88
2016/9/4 15:00,9.87,20113,21.4,42.63,18759,241
2016/9/4 16:00,9.85,20078,20.97,53.14,18059,240.4
2016/9/4 17:00,9.55,20031,20.54,52.52,17363,239.4
2016/9/4 18:00,9.5,19996,20.13,13.96,16644,238.56
2016/9/4 19:00,9.52,19960,19.76,50.61,15948,238.08
2016/9/4 20:00,9.4,19913,19.37,49.71,15229,236.86
2016/9/4 21:00,9.42,19878,19.01,48.81,14511,236.32
2016/9/4 22:00,9.26,19855,18.66,52.26,13772,234.88
2016/9/4 23:00,9.18,19819,18.31,22.65,13075,233.84
2016/9/5 0:00,9.17,19784,18,21.88,12356,233.26
2016/9/5 1:00,9.18,19749,17.68,20.85,11637,231.62
2016/9/5 2:00,9,19725,17.38,19.64,10898,230.98
2016/9/5 3:00,9.03,19690,17.09,18.56,10137,229.72
2016/9/5 4:00,8.8,19667,16.8,30.39,9389,228.84
2016/9/5 5:00,8.88,19631,16.53,29.14,8655,227.36
2016/9/5 6:00,8.71,19608,16.25,27.86,7901,225.68
2016/9/5 7:00,8.8,19584,15.98,55.72,7603,87.2
2016/9/5 8:00,8.31,19549,15.73,65.13,7524,87
2016/9/5 9:00,8.38,19526,15.48,62.6,7445,86.9
2016/9/5 10:00,8.34,19502,15.24,63.51,7345,87.3
2016/9/5 11:00,8.33,19479,15.01,63.46,7266,87.1
2016/9/5 12:00,8.26,19455,14.79,61.67,7187,87.3
2016/9/5 13:00,8.07,19432,14.57,60.53,7087,87
2016/9/5 14:00,8.28,19408,14.36,60.62,6988,86.8
2016/9/5 15:00,8.03,19385,14.15,58.16,6889,87.1
2016/9/5 16:00,8.19,19361,13.95,59.32,6790,87
2016/9/5 17:00,7.96,19338,13.76,59.32,6691,86.9
2016/9/5 18:00,8.09,19326,13.57,60.42,6591,86.8
2016/9/5 19:00,7.94,19303,13.38,56.73,6492,86.7
2016/9/5 20:00,8.06,19279,13.21,58.02,6373,87.1
2016/9/5 21:00,8.25,19267,13.06,55.21,6274,86.6
2016/9/5 22:00,8.09,19244,12.9,55.23,6155,86.4
2016/09/05 23:00,8,19232,12.74,56.53,6056,86.6
2016/09/06 00:00,8.08,19220,12.59,56.43,5937,86.5
2016/09/06 01:00,7.83,19197,12.44,58.83,5857,79.2
2016/09/06 02:00,7.97,19185,12.3,59.31,5778,79.1
2016/09/06 03:00,7.8,19162,12.15,56.76,5699,80.8
2016/09/06 04:00,7.62,19150,12.02,56.31,5619,80.1
2016/09/06 05:00,7.51,19138,11.88,57.44,5526,79.8
2016/09/06 06:00,7.67,19115,11.74,56.87,5452,80.3
2016/09/06 07:00,7.24,19103,11.59,56.44,5378,81.7
2016/09/06 08:00,7.6,19091,11.48,57.62,5304,80.5
2016/09/06 09:00,7.43,19079,11.35,61.81,5229,84.1
2016/09/06 10:00,8.04,19068,11.25,59.16,5155,86.1
2016/09/06 11:00,8.66,19056,11.17,66.65,5081,85.6
2016/09/06 12:00,10.98,19056,11.17,71.54,5044,85.8
2016/09/06 13:00,11.34,19056,11.17,80.75,5062,86
2016/09/06 14:00,14.18,19068,11.26,90.42,5118,86
2016/09/06 15:00,13.03,19068,11.28,118.48,5211,85.9
2016/09/06 16:00,13.27,19079,11.39,128.15,5341,86.1
2016/09/06 17:00,18.21,19115,12.22,119.24,5471,86
2016/09/06 18:00,21.92,19115,24.49,128.88,5619,86.3
2016/09/06 19:00,25.65,19103,36.27,126.47,5778,86.3
2016/09/06 20:00,27.95,19056,40.61,127.17,5917,86.3
2016/09/06 21:00,23.79,18997,40.71,139.74,6076,86.6
2016/09/06 22:00,21.7,18927,40.62,363.33,6710,86.7
2016/09/06 23:00,19.95,18856,39.51,596.03,8278,87.7
2016/09/07 00:00,18.5,18774,38.92,365.19,9468,98.3
2016/09/07 01:00,15.94,18692,37.67,293.1,10348,98.46
2016/09/07 02:00,14.05,18609,37.27,228.26,10940,98.92
2016/09/07 03:00,13.28,18527,37.36,197.29,11363,98.54
2016/09/07 04:00,12.08,18433,36.35,173.03,11701,99.18
2016/09/07 05:00,11.37,18351,36.07,165.05,11954,99.38
2016/09/07 06:00,10.8,18257,35.61,155.17,12166,98.9
2016/09/07 07:00,9.73,18163,34.36,147.8,12356,98.62
2016/09/07 08:00,8.9,18081,34.02,140.88,12525,98.32
2016/09/07 09:00,8.8,17987,33.4,140.88,12525,98.32
2016/09/07 10:00,8.55,17893,36.08,126.51,12800,98.84
2016/09/07 11:00,8.04,17799,34.98,129.59,12927,98.56
2016/09/07 12:00,7.31,17693,34.44,120.58,13011,98.96
2016/09/07 13:00,7.29,17599,33.63,124.05,13096,98.66
2016/09/07 14:00,6.85,17505,33.85,118.29,13180,98.86
2016/09/07 15:00,6.67,17411,32.26,113.26,13244,98.76
2016/09/07 16:00,6.29,17317,32.6,108.65,13307,98.48
2016/09/07 17:00,6.5,17223,33.11,108.65,13349,98.68
2016/09/07 18:00,6.88,17129,32.63,101.47,13370,98.28
2016/09/07 19:00,6.56,17035,32.1,103.72,13413,98.58
2016/09/07 20:00,5.1,16927,33.14,108.91,13434,98.28
2016/09/07 21:00,5.29,16830,33.25,98.41,13434,98.98
2016/09/07 22:00,5.09,16732,33,95.4,13455,98.88
2016/09/07 23:00,5.27,16635,33.07,98.57,13455,98.58
2016/09/08 00:00,4.9,16538,33.06,116.57,13476,99.28
2016/09/08 01:00,4.87,16428,32.24,98.57,13476,98.68
2016/09/08 02:00,4.55,16331,33.46,81.34,13455,98.58
2016/09/08 03:00,4.96,16233,32.91,99.68,13455,98.18
2016/09/08 04:00,4.66,16124,32.94,89.52,13434,98.48
2016/09/08 05:00,4.62,16026,32.44,107.2,13434,98.58
2016/09/08 06:00,4.05,15917,32.67,102.71,13413,98.78
2016/09/08 07:00,4.1,15820,33.56,100.99,13392,98.48
2016/09/08 08:00,6.4,15720,32.74,95.21,13349,98.48
2016/09/08 09:00,7.96,15635,32.75,88.81,13328,98.78
2016/09/08 10:00,7.7,15540,33.36,91.15,13307,98.78
2016/09/08 11:00,7.77,15445,32.08,89.81,13265,98.16
2016/09/08 12:00,7.63,15350,32.96,88.04,13222,98.86
2016/09/08 13:00,7.36,15255,33.46,87.51,13180,98.46
2016/09/08 14:00,7.29,15170,33.15,85.74,13138,98.86
2016/09/08 15:00,7.29,15075,33.53,85.71,13075,98.46
2016/09/08 16:00,6.98,14980,33.08,84.71,13032,98.46
2016/09/08 17:00,6.9,14885,33.3,82.44,12969,98.46
2016/09/08 18:00,7,14790,33.3,84.27,12800,156.44
2016/09/08 19:00,7.28,14695,34.2,69.59,12377,213.7
2016/09/08 20:00,7.06,14600,33.87,36.68,11701,248.18
2016/09/08 21:00,8.12,14505,32.88,35.54,10961,246.66
2016/09/08 22:00,8.71,14420,33.63,34.46,10221,245.82
2016/09/08 23:00,12.1,14346,34.03,60.6,9548,196.72
2016/09/09 00:00,16.32,14293,14.39,31.11,9032,196.6
2016/09/09 01:00,25.78,14346,14.28,63.7,8536,195.7
2016/09/09 02:00,41.76,14452,14.31,62.94,8040,195.28
2016/09/09 03:00,59.32,14621,13.77,62.33,7544,194.48
2016/09/09 04:00,74.82,14843,13.56,61.85,7107,193.72
2016/09/09 05:00,108.3,15191,13.98,94.4,6691,193.36
2016/09/09 06:00,173.01,15795,0.75,60.74,6274,192.82
2016/09/09 07:00,262.8,16732,7.4,102.46,5996,156.1
2016/09/09 08:00,254.55,17623,8.54,157.7,6016,100.2
2016/09/09 09:00,227.71,18398,9.48,184,6314,86.5
2016/09/09 10:00,187.57,19021,14.44,167.16,6591,87.1
2016/09/09 11:00,161.69,19537,19.17,160.1,6869,87.2
2016/09/09 12:00,153.17,20007,23.85,149,7107,87
2016/09/09 13:00,141.45,20419,28.96,135.39,7306,87
2016/09/09 14:00,127.05,20736,40.91,131.37,7484,86.9
2016/09/09 15:00,115.61,21006,43.99,128.55,7643,87.1
2016/09/09 16:00,105.51,21217,46.64,122.06,7782,87.6
2016/09/09 17:00,95.86,21382,48.93,120.13,7901,87.1
2016/09/09 18:00,88.18,21523,50.41,115.42,7980,97.38
2016/09/09 19:00,81.19,21629,51.91,113.37,8040,97.7
2016/09/09 20:00,75.79,21712,53.19,105.53,8079,97.2
2016/09/09 21:00,72.62,21779,53.36,110.2,8119,97.8
2016/09/09 22:00,67.37,21832,54.03,109.52,8159,97.5
2016/09/09 23:00,63.25,21858,54.6,107.03,8179,97.4
2016/09/10 00:00,59.49,21871,54.82,109.27,8198,97.52
2016/09/10 01:00,56.32,21885,54.96,113.16,8218,97.12
2016/09/10 02:00,53.04,21871,55.03,97.29,8218,97.52
2016/09/10 03:00,50.45,21858,54.53,97.43,8218,97.22
2016/09/10 04:00,48.27,21832,53.77,92.17,8218,98.28
2016/09/10 05:00,46.44,21805,54,98.26,8218,98.08
2016/09/10 06:00,45.16,21779,53.82,98.82,8218,98.37
2016/09/10 07:00,43.14,21739,53.05,105,8198,98.77
2016/09/10 08:00,40.87,21699,52.57,87.59,8179,98.25
2016/09/10 09:00,39.88,21652,52.05,86.05,8159,98.45
2016/09/10 10:00,38.54,21593,51.41,89.94,8139,98.64
2016/09/10 11:00,37.19,21546,50.65,97.09,8119,99.14
2016/09/10 12:00,35.91,21499,50.1,89.02,8079,99.24
2016/09/10 13:00,34.55,21441,49.26,91.12,8060,98.94
2016/09/10 14:00,33.89,21382,48.63,85.68,8040,99.04
2016/09/10 15:00,31.95,21335,47.96,82.65,8000,99.12
2016/09/10 16:00,31.13,21264,47.41,87.07,7960,98.64
