datetime,p00,p01,p02,p03,p04,p05,p06,p07,p08,p09,p10,p11,p12,p13,p14,p15,p16,p17,p18,p19
2016/8/25 1:00,469.29,21.38,42.11,398.74,343.14,248.12,100.95,75.12,33.87,187.34,143.06,27.65,22.83,14.34,34.94,11.02,13.06,7.87,2.49,0.33
2016/8/25 2:00,469.23,20.88,41.58,398.73,343.13,248.09,100.93,75.1,33.85,187.34,143.05,27.64,22.83,14.33,34.91,10.99,13.05,7.87,2.47,0.3
2016/8/25 3:00,469.17,20.23,40.06,398.72,343.12,248.1,100.92,75.1,33.83,187.33,143.04,27.63,22.83,14.33,34.9,10.97,13.05,7.86,2.45,0.28
2016/8/25 4:00,469.1,19.75,39.54,398.71,343.11,248.08,100.91,75.08,33.81,187.32,143.04,27.63,22.82,14.32,34.88,10.95,13.05,7.86,2.44,0.27
2016/8/25 5:00,469.04,19.5,39.04,398.7,343.1,248.07,100.9,75.09,33.8,187.32,143.03,27.63,22.82,14.31,34.86,10.92,13.06,7.86,2.42,0.27
2016/8/25 6:00,468.98,19.34,38.17,398.69,343.09,248.07,100.89,75.05,33.79,187.32,143.02,27.62,22.82,14.31,34.84,10.89,13.04,7.85,2.41,0.31
2016/8/25 7:00,468.92,18.27,37.62,398.69,343.08,248.07,100.88,75.04,33.77,187.31,143.01,27.62,22.81,14.3,34.82,10.85,13.05,7.85,2.39,0.35
2016/8/25 8:00,468.86,18.03,36.97,398.68,343.07,248.05,100.87,75.03,33.75,187.31,143.01,27.62,22.81,14.29,34.8,10.82,13.04,7.84,2.38,0.39
2016/8/25 9:00,468.81,17.53,36,398.67,343.06,248.05,100.87,75.01,33.73,187.3,143,27.61,22.81,14.28,34.78,10.79,13.04,7.84,2.36,0.4
2016/8/25 10:00,468.75,17.36,34.85,398.66,343.04,248.05,100.85,74.98,33.7,187.3,142.99,27.61,22.8,14.28,34.78,10.76,13.03,7.83,2.34,0.39
2016/8/25 11:00,468.7,16.83,34.38,398.66,343.03,248.06,100.85,74.98,33.69,187.3,142.99,27.61,22.8,14.27,34.77,10.73,13.03,7.83,2.32,0.36
2016/8/25 12:00,468.64,16.25,34.04,398.65,343.02,248.05,100.84,74.95,33.68,187.3,142.99,27.6,22.8,14.26,34.76,10.7,13.02,7.83,2.31,0.33
2016/8/25 13:00,468.59,16.67,33.34,398.64,343.01,248.05,100.84,74.95,33.68,187.3,142.99,27.6,22.8,14.26,34.76,10.7,13.02,7.83,2.31,0.33
2016/8/25 14:00,468.53,15.94,32.72,398.63,343,248.05,100.84,74.95,33.68,187.3,142.99,27.6,22.8,14.26,34.76,10.7,13.02,7.83,2.31,0.33
2016/8/25 15:00,468.48,15.54,32.19,398.63,342.99,248.04,100.81,74.89,33.63,187.28,142.97,27.59,22.79,14.24,34.7,10.64,13,7.82,2.27,0.29
2016/8/25 16:00,468.43,15.72,31.89,398.62,342.99,248.04,100.8,74.9,33.64,187.28,142.96,27.59,22.79,14.21,34.7,10.62,13,7.81,2.26,0.34
2016/8/25 17:00,468.38,15.13,31.08,398.61,342.98,248.04,100.79,74.86,33.61,187.28,142.96,27.59,22.79,14.23,34.7,10.61,12.99,7.81,2.25,0.4
2016/8/25 18:00,468.33,14.97,30.37,398.6,342.98,248.04,100.78,74.87,33.61,187.27,142.95,27.59,22.79,14.22,34.69,10.59,13,7.8,2.24,0.49
2016/8/25 19:00,468.29,14.3,29.94,398.6,342.97,248.03,100.77,74.85,33.6,187.27,142.94,27.58,22.78,14.22,34.67,10.57,12.99,7.8,2.24,0.54
2016/8/25 20:00,468.24,14.19,28.9,398.59,342.96,248.03,100.77,74.83,33.59,187.26,142.94,27.58,22.78,14.22,34.65,10.55,12.98,7.79,2.23,0.57
2016/8/25 21:00,468.2,14.23,28.56,398.58,342.95,248.03,100.76,74.83,33.58,187.26,142.93,27.58,22.77,14.21,34.64,10.53,12.98,7.79,2.22,0.52
2016/8/25 22:00,468.15,13.28,28.24,398.58,342.94,248.02,100.75,74.79,33.57,187.25,142.93,27.57,22.77,14.21,34.62,10.52,12.98,7.78,2.21,0.45
2016/8/25 23:00,468.1,14.18,27.8,398.57,342.94,248.02,100.74,74.79,33.56,187.25,142.92,27.57,22.77,14.2,34.62,10.5,12.98,7.78,2.2,0.38
2016/8/26 0:00,468.07,15.23,27.54,398.57,342.93,248.01,100.74,74.8,33.55,187.25,142.92,27.56,22.76,14.2,34.62,10.48,12.98,7.78,2.19,0.29
2016/8/26 1:00,468.02,13.63,26.69,398.56,342.93,248,100.72,74.8,33.54,187.25,142.91,27.56,22.76,14.2,34.6,10.47,12.98,7.77,2.18,0.22
2016/8/26 2:00,467.99,14.19,26.38,398.56,342.92,248.01,100.71,74.77,33.54,187.24,142.91,27.56,22.76,14.19,34.59,10.45,12.98,7.77,2.17,0.17
2016/8/26 3:00,467.95,15.03,25.96,398.55,342.92,248.01,100.71,74.77,33.52,187.24,142.9,27.56,22.76,14.18,34.56,10.44,12.97,7.77,2.15,0.13
2016/8/26 4:00,467.92,16.19,26.02,398.55,342.91,248.01,100.7,74.76,33.51,187.24,142.91,27.56,22.75,14.18,34.55,10.43,12.97,7.76,2.15,0.12
2016/8/26 5:00,467.9,18.45,25.32,398.54,342.9,248,100.69,74.75,33.51,187.25,142.9,27.55,22.75,14.18,34.55,10.41,12.96,7.76,2.14,0.13
2016/8/26 6:00,467.89,18.06,25.55,398.54,342.89,248,100.68,74.73,33.5,187.24,142.91,27.55,22.75,14.17,34.54,10.4,12.96,7.76,2.13,0.17
2016/8/26 7:00,467.86,18.83,25.44,398.54,342.89,247.99,100.68,74.74,33.5,187.25,142.91,27.55,22.75,14.17,34.55,10.38,12.96,7.75,2.12,0.21
2016/8/26 8:00,467.85,22.04,25.16,398.54,342.9,247.99,100.67,74.74,33.49,187.26,142.91,27.55,22.75,14.16,34.54,10.37,12.96,7.75,2.11,0.31
2016/8/26 9:00,467.87,30.49,25.19,398.54,342.93,248,100.67,74.72,33.49,187.26,142.93,27.55,22.75,14.16,34.53,10.36,12.96,7.75,2.1,0.31
2016/8/26 10:00,467.95,51.39,26.04,398.55,342.95,248.01,100.67,74.74,33.51,187.28,142.94,27.55,22.76,14.16,34.53,10.34,12.96,7.75,2.09,0.33
2016/8/26 11:00,468.02,51.28,26.94,398.56,342.94,248.03,100.67,74.74,33.5,187.31,142.98,27.56,22.76,14.15,34.53,10.33,12.97,7.75,2.1,0.32
2016/8/26 12:00,468.05,36.44,27.29,398.56,342.94,248.02,100.68,74.76,33.5,187.39,143.07,27.57,22.76,14.16,34.53,10.32,12.98,7.75,2.13,0.27
2016/8/26 13:00,468.06,29.1,27.12,398.56,342.93,248.02,100.73,74.77,33.5,187.34,143.09,27.6,22.75,14.15,34.57,10.31,13.01,7.75,2.1,0.26
2016/8/26 14:00,468.05,25.31,27.52,398.56,342.93,248.02,100.75,74.85,33.52,187.3,143.01,27.6,22.75,14.15,34.6,10.3,13.01,7.75,2.09,0.26
2016/8/26 15:00,468.04,23.06,26.96,398.56,342.93,248.02,100.7,74.84,33.56,187.28,142.97,27.6,22.74,14.14,34.59,10.29,12.98,7.74,2.08,0.25
2016/8/26 16:00,468.02,21.44,26.66,398.56,342.92,248.01,100.67,74.8,33.6,187.26,142.93,27.6,22.74,14.14,34.59,10.29,12.97,7.74,2.07,0.28
2016/8/26 17:00,468,21.05,26.64,398.56,342.92,248.01,100.65,74.75,33.58,187.26,142.92,27.59,22.74,14.14,34.6,10.28,12.97,7.74,2.07,0.35
2016/8/26 18:00,467.99,21.48,26.63,398.55,342.92,248.02,100.64,74.72,33.56,187.26,142.92,27.59,22.74,14.15,34.62,10.28,12.99,7.74,2.07,0.42
2016/8/26 19:00,467.98,24.85,26.3,398.55,342.92,248.01,100.63,74.74,33.56,187.26,142.91,27.59,22.75,14.15,34.62,10.28,13.03,7.77,2.08,0.45
2016/8/26 20:00,467.98,26.94,26.65,398.55,342.92,248.01,100.63,74.77,33.55,187.28,142.92,27.6,22.77,14.18,34.62,10.27,13.14,7.85,2.15,0.54
2016/8/26 21:00,467.99,28.32,26.31,398.55,342.92,248.01,100.62,74.76,33.55,187.31,142.96,27.63,22.79,14.2,34.62,10.27,13.28,7.97,2.33,0.53
2016/8/26 22:00,467.99,26.98,26.6,398.55,342.92,248.01,100.63,74.74,33.54,187.31,142.98,27.67,22.8,14.24,34.63,10.27,13.34,8.07,2.57,0.51
2016/8/26 23:00,467.98,24.94,26.61,398.55,342.92,248.01,100.64,74.76,33.52,187.31,142.99,27.73,22.8,14.26,34.66,10.27,13.33,8.11,2.71,0.49
2016/8/27 0:00,467.98,23.88,26.44,398.55,342.92,248.01,100.64,74.79,33.52,187.3,142.99,27.8,22.79,14.28,34.72,10.27,13.28,8.1,2.75,0.43
2016/8/27 1:00,467.97,22.82,26.63,398.55,342.92,248.01,100.64,74.79,33.55,187.28,142.98,27.93,22.78,14.28,34.78,10.28,13.25,8.08,2.75,0.39
2016/8/27 2:00,467.95,21.86,26.14,398.55,342.91,248,100.63,74.78,33.56,187.27,142.97,28.03,22.78,14.29,34.87,10.28,13.26,8.07,2.76,0.35
2016/8/27 3:00,467.94,21.08,26.2,398.55,342.91,248,100.62,74.79,33.56,187.27,142.95,28.03,22.77,14.29,34.9,10.31,13.23,8.05,2.77,0.33
2016/8/27 4:00,467.92,20.3,25.75,398.54,342.91,248,100.61,74.79,33.55,187.26,142.95,28,22.78,14.29,34.9,10.34,13.19,8.04,2.77,0.33
2016/8/27 5:00,467.9,20.08,25.7,398.54,342.9,248.01,100.6,74.77,33.56,187.26,142.94,27.97,22.79,14.29,34.91,10.38,13.17,8.03,2.76,0.33
2016/8/27 6:00,467.88,19.61,25.47,398.54,342.9,248,100.58,74.79,33.54,187.26,142.93,27.93,22.79,14.29,34.9,10.43,13.15,8.02,2.74,0.33
2016/8/27 7:00,467.87,19.29,25.26,398.54,342.89,247.99,100.58,74.78,33.54,187.25,142.92,27.9,22.78,14.28,34.89,10.46,13.13,8,2.72,0.34
2016/8/27 8:00,467.85,18.8,25.06,398.53,342.89,247.99,100.57,74.76,33.54,187.25,142.92,27.87,22.78,14.27,34.91,10.49,13.11,7.99,2.69,0.34
2016/8/27 9:00,467.83,18.27,24.69,398.53,342.89,247.99,100.56,74.76,33.54,187.25,142.91,27.85,22.78,14.26,34.84,10.51,13.09,7.97,2.65,0.35
2016/8/27 10:00,467.81,18.44,24.92,398.53,342.88,248,100.54,74.75,33.53,187.25,142.91,27.83,22.78,14.26,34.8,10.52,13.08,7.96,2.62,0.38
2016/8/27 11:00,467.78,17.66,24.42,398.53,342.88,247.99,100.53,74.76,33.52,187.24,142.9,27.81,22.78,14.25,34.75,10.52,13.06,7.95,2.59,0.4
2016/8/27 12:00,467.76,17.69,24.64,398.52,342.88,247.99,100.52,74.74,33.51,187.24,142.9,27.79,22.78,14.23,34.72,10.52,13.05,7.94,2.56,0.42
2016/8/27 13:00,467.74,17.08,24.17,398.52,342.87,247.97,100.51,74.72,33.51,187.24,142.9,27.77,22.78,14.23,34.7,10.52,13.04,7.92,2.54,0.45
2016/8/27 14:00,467.72,17.18,24.3,398.52,342.87,247.99,100.5,74.72,33.49,187.24,142.9,27.75,22.78,14.22,34.69,10.51,13.03,7.91,2.52,0.43
2016/8/27 15:00,467.7,16.79,23.95,398.52,342.87,247.97,100.5,74.71,33.49,187.23,142.89,27.74,22.77,14.21,34.66,10.5,13,7.9,2.49,0.46
2016/8/27 16:00,467.68,16.6,23.24,398.51,342.86,247.98,100.49,74.72,33.48,187.24,142.89,27.73,22.77,14.2,34.64,10.48,12.99,7.88,2.48,0.44
2016/8/27 17:00,467.66,16.28,23.54,398.51,342.86,247.98,100.48,74.69,33.48,187.23,142.88,27.71,22.76,14.2,34.65,10.46,12.98,7.87,2.46,0.46
2016/8/27 18:00,467.64,16.09,23.41,398.51,342.86,247.97,100.47,74.69,33.47,187.23,142.88,27.7,22.76,14.19,34.64,10.44,12.97,7.86,2.45,0.48
2016/8/27 19:00,467.61,15.69,22.51,398.5,342.85,247.95,100.46,74.69,33.46,187.23,142.88,27.69,22.75,14.18,34.62,10.41,12.96,7.84,2.43,0.51
2016/8/27 20:00,467.59,15.4,22.9,398.5,342.85,247.96,100.46,74.68,33.45,187.22,142.87,27.68,22.74,14.17,34.61,10.39,12.95,7.83,2.42,0.58
2016/8/27 21:00,467.57,15.25,22.49,398.5,342.85,247.95,100.45,74.67,33.45,187.22,142.87,27.67,22.74,14.17,34.59,10.37,12.95,7.83,2.41,0.64
2016/8/27 22:00,467.55,15.06,22.35,398.49,342.84,247.95,100.44,74.67,33.45,187.22,142.86,27.66,22.73,14.16,34.58,10.35,12.95,7.82,2.4,0.6
2016/8/27 23:00,467.53,15.08,21.87,398.49,342.84,247.94,100.43,74.67,33.44,187.21,142.86,27.65,22.73,14.15,34.56,10.34,12.94,7.82,2.38,0.58
2016/8/28 0:00,467.5,14.73,22.01,398.49,342.83,247.93,100.42,74.67,33.44,187.21,142.86,27.64,22.73,14.14,34.56,10.32,12.94,7.81,2.37,0.54
2016/8/28 1:00,467.48,14.78,21.48,398.49,342.83,247.93,100.42,74.66,33.43,187.21,142.85,27.63,22.72,14.14,34.55,10.31,12.94,7.81,2.36,0.45
2016/8/28 2:00,467.46,14.29,21.21,398.48,342.83,247.93,100.41,74.66,33.44,187.21,142.85,27.63,22.72,14.13,34.53,10.29,12.94,7.8,2.35,0.38
2016/8/28 3:00,467.44,14.1,21.3,398.48,342.82,247.93,100.4,74.66,33.43,187.2,142.85,27.62,22.72,14.12,34.52,10.28,12.94,7.8,2.33,0.27
2016/8/28 4:00,467.42,13.97,21.37,398.48,342.82,247.92,100.4,74.66,33.42,187.2,142.85,27.62,22.72,14.13,34.52,10.26,12.94,7.8,2.32,0.2
2016/8/28 5:00,467.4,13.45,20.74,398.48,342.82,247.92,100.39,74.65,33.43,187.2,142.84,27.61,22.71,14.12,34.5,10.25,12.93,7.79,2.31,0.16
2016/8/28 6:00,467.37,13.62,20.76,398.47,342.81,247.91,100.38,74.64,33.42,187.2,142.84,27.61,22.72,14.12,34.49,10.24,12.93,7.79,2.3,0.13
2016/8/28 7:00,467.35,13.44,20.48,398.47,342.81,247.91,100.37,74.64,33.42,187.2,142.84,27.6,22.71,14.15,34.49,10.23,12.93,7.78,2.29,0.11
2016/8/28 8:00,467.33,12.93,19.86,398.47,342.8,247.91,100.37,74.63,33.41,187.2,142.84,27.6,22.71,14.11,34.49,10.22,12.93,7.78,2.28,0.1
2016/8/28 9:00,467.31,13.16,19.9,398.46,342.8,247.91,100.36,74.63,33.41,187.2,142.83,27.59,22.71,14.1,34.48,10.21,12.93,7.78,2.27,0.13
2016/8/28 10:00,467.29,13.01,20.11,398.46,342.8,247.9,100.35,74.63,33.41,187.19,142.83,27.59,22.71,14.1,34.47,10.2,12.92,7.78,2.26,0.17
2016/8/28 11:00,467.27,12.77,19.4,398.46,342.8,247.9,100.35,74.62,33.4,187.2,142.83,27.59,22.71,14.1,34.46,10.19,12.92,7.77,2.25,0.24
2016/8/28 12:00,467.24,12.31,19.38,398.46,342.79,247.9,100.34,74.63,33.4,187.19,142.83,27.58,22.71,14.1,34.44,10.18,12.91,7.77,2.24,0.3
2016/8/28 13:00,467.22,12.57,19.16,398.45,342.79,247.89,100.34,74.62,33.39,187.19,142.83,27.58,22.71,14.09,34.43,10.17,12.91,7.77,2.22,0.35
2016/8/28 14:00,467.2,12.41,19.24,398.45,342.79,247.89,100.33,74.62,33.39,187.19,142.83,27.57,22.71,14.09,34.46,10.17,12.9,7.77,2.21,0.38
2016/8/28 15:00,467.18,12.26,18.55,398.45,342.79,247.88,100.32,74.61,33.38,187.19,142.82,27.57,22.7,14.09,34.51,10.16,12.9,7.77,2.2,0.39
2016/8/28 16:00,467.16,12.29,18.49,398.44,342.78,247.88,100.32,74.61,33.38,187.19,142.82,27.57,22.7,14.08,34.51,10.15,12.9,7.76,2.19,0.38
2016/8/28 17:00,467.14,11.93,18.26,398.44,342.78,247.88,100.32,74.61,33.38,187.19,142.82,27.56,22.7,14.08,34.48,10.14,12.9,7.76,2.19,0.38
2016/8/28 18:00,467.12,12.32,18.48,398.44,342.78,247.88,100.31,74.6,33.37,187.19,142.82,27.56,22.7,14.08,34.44,10.13,12.9,7.77,2.18,0.36
2016/8/28 19:00,467.11,12.13,18.4,398.44,342.78,247.88,100.31,74.61,33.37,187.19,142.82,27.56,22.71,14.09,34.39,10.13,12.9,7.77,2.18,0.39
2016/8/28 20:00,467.09,12.32,17.82,398.44,342.77,247.88,100.31,74.6,33.37,187.19,142.82,27.56,22.71,14.09,34.36,10.12,12.9,7.78,2.19,0.42
2016/8/28 21:00,467.07,12.33,17.67,398.43,342.77,247.87,100.31,74.61,33.36,187.19,142.82,27.56,22.71,14.09,34.38,10.11,12.9,7.79,2.18,0.49
2016/8/28 22:00,467.05,12.22,17.73,398.43,342.77,247.87,100.3,74.6,33.37,187.18,142.82,27.55,22.71,14.09,34.39,10.11,12.9,7.79,2.19,0.54
2016/8/28 23:00,467.04,12.84,17.65,398.43,342.76,247.87,100.3,74.6,33.36,187.19,142.82,27.55,22.71,14.1,34.39,10.1,12.9,7.79,2.18,0.55
2016/8/29 0:00,467.02,12.75,17.55,398.43,342.76,247.87,100.29,74.59,33.37,187.18,142.82,27.55,22.71,14.1,34.39,10.09,12.9,7.79,2.18,0.54
2016/8/29 1:00,467.01,12.75,17.4,398.43,342.76,247.86,100.29,74.6,33.37,187.19,142.82,27.54,22.71,14.1,34.39,10.08,12.9,7.8,2.18,0.51
2016/8/29 2:00,467,12.88,17.54,398.42,342.76,247.87,100.29,74.59,33.37,187.19,142.82,27.54,22.72,14.11,34.39,10.08,12.9,7.81,2.17,0.46
2016/8/29 3:00,466.98,13.17,16.93,398.42,342.76,247.86,100.29,74.59,33.36,187.19,142.82,27.54,22.72,14.12,34.39,10.07,12.9,7.83,2.18,0.32
2016/8/29 4:00,466.97,13.58,16.84,398.42,342.76,247.87,100.29,74.59,33.36,187.19,142.83,27.54,22.73,14.13,34.39,10.06,12.9,7.86,2.2,0.25
2016/8/29 5:00,466.96,14.18,17.02,398.42,342.76,247.87,100.28,74.6,33.36,187.2,142.83,27.54,22.73,14.13,34.39,10.06,12.9,7.88,2.21,0.16
2016/8/29 6:00,466.96,15.17,17.19,398.42,342.77,247.87,100.28,74.59,33.36,187.19,142.84,27.54,22.74,14.15,34.39,10.05,12.91,7.91,2.22,0.11
2016/8/29 7:00,466.96,16.68,17.33,398.42,342.77,247.87,100.29,74.6,33.36,187.2,142.84,27.54,22.74,14.16,34.38,10.04,12.9,7.93,2.23,0.08
2016/8/29 8:00,466.96,19.05,17.26,398.42,342.78,247.88,100.29,74.6,33.35,187.21,142.85,27.53,22.75,14.17,34.37,10.04,12.9,7.95,2.23,0.07
2016/8/29 9:00,466.97,20.73,17.36,398.42,342.79,247.88,100.29,74.61,33.36,187.21,142.86,27.53,22.76,14.19,34.37,10.03,12.9,7.98,2.23,0.08
2016/8/29 10:00,467,23.67,16.75,398.43,342.79,247.89,100.3,74.61,33.36,187.21,142.88,27.53,22.77,14.21,34.38,10.03,12.9,8,2.23,0.13
2016/8/29 11:00,467.02,26.79,17.14,398.43,342.79,247.9,100.31,74.64,33.37,187.21,142.9,27.52,22.78,14.23,34.37,10.02,12.9,8.04,2.23,0.27
2016/8/29 12:00,467.06,29.26,17.91,398.43,342.81,247.9,100.33,74.65,33.37,187.21,142.93,27.52,22.8,14.26,34.37,10.02,12.9,8.11,2.24,0.37
2016/8/29 13:00,467.1,32.33,18.22,398.44,342.83,247.91,100.35,74.66,33.39,187.21,142.96,27.52,22.83,14.31,34.36,10.01,12.9,8.2,2.24,0.46
2016/8/29 14:00,467.16,36.21,18.47,398.45,342.85,247.93,100.37,74.68,33.4,187.21,143,27.52,22.86,14.38,34.36,10,12.9,8.28,2.26,0.54
2016/8/29 15:00,467.23,41.23,19.59,398.46,342.9,247.95,100.41,74.72,33.41,187.21,143.05,27.52,22.89,14.46,34.36,10,12.91,8.34,2.28,0.59
2016/8/29 16:00,467.32,47.58,20,398.47,342.95,248,100.45,74.73,33.43,187.21,143.11,27.51,22.92,14.5,34.35,9.99,12.91,8.39,2.31,0.59
2016/8/29 17:00,467.42,54.51,21.11,398.48,343,248.05,100.51,74.78,33.46,187.39,143.2,27.51,22.93,14.55,34.35,9.99,12.91,8.43,2.34,0.57
2016/8/29 18:00,467.55,61.35,22.31,398.5,343.05,248.07,100.61,74.83,33.5,187.44,143.32,27.51,22.97,14.59,34.35,9.98,12.9,8.54,2.37,0.51
2016/8/29 19:00,467.69,69.05,23.54,398.52,343.1,248.1,100.76,74.95,33.56,187.48,143.46,27.51,23,14.67,34.36,9.98,12.91,8.9,2.43,0.53
2016/8/29 20:00,467.85,76.77,25.31,398.54,343.14,248.12,100.97,75.1,33.64,187.51,143.66,27.52,23.07,14.82,34.36,9.97,12.93,9.31,2.54,0.55
2016/8/29 21:00,468.02,79.94,26.83,398.57,343.18,248.08,101.11,75.3,33.77,187.54,143.76,27.55,23.17,14.99,34.36,9.97,12.98,9.64,2.75,0.65
2016/8/29 22:00,468.2,85.67,29.1,398.6,343.24,248.08,101.25,75.46,33.96,187.55,143.84,27.6,23.24,15.15,34.37,9.97,13.05,9.73,2.92,0.71
2016/8/29 23:00,468.41,99.79,31.94,398.62,343.32,248.15,101.35,75.6,34.17,187.58,143.95,27.67,23.29,15.24,34.38,9.96,13.08,9.7,3.01,0.81
2016/8/30 0:00,468.67,117.87,34.63,398.66,343.37,248.24,101.47,75.79,34.25,187.62,144.01,27.77,23.3,15.29,34.39,9.96,13.11,9.59,3.08,0.9
2016/8/30 1:00,468.98,133.57,38.93,398.71,343.4,248.23,101.55,75.87,34.43,187.64,144.11,27.79,23.32,15.46,34.39,9.96,13.18,9.46,3.15,0.95
2016/8/30 2:00,469.3,144.08,42.88,398.76,343.46,248.31,101.63,75.97,34.55,187.64,144.26,27.82,23.35,15.57,34.41,9.96,13.21,9.38,3.22,0.99
2016/8/30 3:00,469.65,158.16,47.57,398.81,343.53,248.12,101.73,76.05,34.62,187.66,144.27,27.83,23.37,15.58,34.42,9.96,13.24,9.33,3.28,0.99
2016/8/30 4:00,470.06,185.7,53.77,398.87,343.6,248.17,101.79,76.14,34.7,187.68,144.27,27.84,23.38,15.71,34.45,9.95,13.27,9.25,3.33,1.01
2016/8/30 5:00,470.56,237.74,61.67,398.95,343.69,248.29,101.86,76.22,34.79,187.76,144.48,27.86,23.38,15.7,34.48,9.95,13.28,9.19,3.37,1.06
2016/8/30 6:00,471.15,280.21,71.29,399.04,343.78,248.38,101.95,76.49,34.81,187.82,144.58,27.86,23.4,15.62,34.49,9.95,13.29,9.14,3.41,1.14
2016/8/30 7:00,471.81,318.23,82.82,399.14,343.85,248.47,102.02,76.58,34.9,187.79,144.73,27.86,23.41,15.61,34.52,9.95,13.31,9.1,3.45,1.25
2016/8/30 8:00,472.46,326.58,91.76,399.21,343.95,248.46,102.11,76.73,34.97,187.94,144.89,27.86,23.41,15.59,34.58,9.95,13.35,9.09,3.48,1.38
2016/8/30 9:00,473.09,325.66,97.23,399.26,344,248.6,102.18,76.9,35.05,188,145.03,27.85,23.42,15.61,34.61,9.96,13.39,9.09,3.52,1.48
2016/8/30 10:00,473.72,332.44,101.89,399.29,344.03,248.58,102.26,77,35.11,187.97,145.11,27.86,23.46,15.64,34.64,9.96,13.45,9.15,3.55,1.59
2016/8/30 11:00,474.37,340.66,107.12,399.32,344.08,248.77,102.32,77.11,35.36,188.06,145.1,27.87,23.52,15.7,34.65,9.97,13.5,9.18,3.59,1.69
2016/8/30 12:00,475.09,362.99,111.7,399.35,344.15,248.33,102.63,77.13,35.45,188.08,145.32,27.88,23.56,15.76,34.65,9.98,13.55,9.2,3.64,1.79
2016/8/30 13:00,476,467.44,106.26,399.32,344.18,248.47,102.48,77.35,35.51,188.16,145.35,27.89,23.6,15.85,34.65,10,13.6,9.21,3.69,1.89
2016/8/30 14:00,477.1,553.95,113.19,399.36,344.25,248.62,102.68,77.41,35.58,188.34,145.34,27.89,23.68,15.9,34.59,10.01,13.7,9.28,3.74,2.01
2016/8/30 15:00,478.14,544.5,119.35,399.43,344.28,248.64,102.78,77.47,35.63,188.39,145.69,27.88,23.79,15.99,34.64,10.03,13.83,9.51,3.79,2.09
2016/8/30 16:00,479.14,524.46,124.97,399.44,344.32,248.72,102.93,77.65,35.73,188.38,145.69,27.88,24.02,16.12,34.72,10.05,13.95,9.66,3.84,2.18
2016/8/30 17:00,480.21,568.86,130.8,399.49,344.42,248.75,102.88,77.85,35.82,188.47,145.69,27.89,24.17,16.27,34.78,10.07,13.98,9.71,3.88,2.28
2016/8/30 18:00,481.37,641.54,136.74,399.52,344.46,248.85,102.87,77.95,35.92,188.62,145.69,27.89,24.26,16.42,34.83,10.08,13.96,9.64,3.93,2.35
2016/8/30 19:00,482.6,686.99,154.45,399.62,344.57,248.86,102.84,78.01,35.95,188.72,145.69,27.9,24.35,16.59,34.91,10.11,13.94,9.55,3.96,2.4
2016/8/30 20:00,483.7,666.91,177.16,399.75,344.64,248.87,102.93,78.15,35.95,188.88,145.69,27.96,24.47,16.77,34.96,10.15,14.07,9.54,4,2.46
2016/8/30 21:00,484.71,644.31,242.37,400.08,344.73,248.85,103.09,78.34,36.04,188.91,145.69,28.06,24.69,17.01,34.99,10.23,14.35,9.59,4.07,2.52
2016/8/30 22:00,485.37,646.88,409.71,400.5,345.14,248.95,103.05,78.48,36.13,188.85,145.69,28.27,24.88,17.24,35.1,10.72,14.79,9.83,4.17,2.57
2016/8/30 23:00,485.7,625.59,517.32,400.84,345.53,249.03,103.12,78.51,36.14,188.97,145.69,28.59,25.22,17.43,35.3,10.94,15.15,10.2,4.36,2.63
2016/8/31 0:00,485.99,707.31,623.06,401.1,345.53,249.36,102.8,78.34,36.26,188.98,145.69,28.86,25.68,17.65,35.45,11.23,15.32,10.52,4.54,2.7
2016/8/31 1:00,486.05,687.19,647.93,401.26,345.53,249.42,103.44,79.24,36.18,186.87,145.69,28.95,25.92,17.92,35.62,11.52,15.27,10.71,4.66,2.73
2016/8/31 2:00,485.87,538.17,578.54,401.04,345.53,249.38,103.58,79.38,36.43,186.87,145.69,28.95,25.94,18.22,35.73,11.87,15.35,10.92,4.72,2.76
2016/8/31 3:00,485.61,416.16,487.83,400.81,345.53,249.29,104.18,79.23,36.56,186.87,145.69,29.11,26.21,18.57,35.83,12.23,15.89,11.48,4.76,2.84
2016/8/31 4:00,485.36,331.56,408.21,400.55,345.53,249.34,103.97,79.23,36.67,186.87,145.69,29.71,26.69,19.08,35.92,13.03,16.29,12.12,4.82,2.88
2016/8/31 5:00,485.15,271.67,345.52,400.3,345.53,249.19,103.49,78.73,36.56,186.87,145.69,30.1,26.9,19.85,36,13.49,16.51,12.69,4.94,2.95
2016/8/31 6:00,484.95,228.95,295.93,400.12,345.53,249.04,103.96,78.73,36.32,186.87,145.69,30.19,26.72,20.21,36.03,14.2,16.54,12.96,5.1,2.96
2016/8/31 7:00,484.78,198.58,257.19,399.94,345.53,248.95,102.68,78.73,36.15,186.87,145.69,30.03,26.49,20.24,36.14,14.88,16.45,13.15,5.22,2.96
2016/8/31 8:00,484.63,175.04,227.61,399.81,345.53,248.85,102.5,78.73,35.89,186.87,145.69,29.69,26.24,20.16,36.26,15.29,16.38,13.35,5.29,2.96
2016/8/31 9:00,484.5,157.15,204.33,399.69,345.53,248.78,102.31,78.73,35.8,186.87,145.69,29.45,25.98,19.89,36.34,15.47,16.3,13.51,5.34,3.19
2016/8/31 10:00,484.38,139.76,185.87,399.6,345.53,248.67,102.16,78.73,35.7,186.87,145.69,29.26,25.78,19.58,36.42,15.51,16.18,13.59,5.36,3.2
2016/8/31 11:00,484.27,124.08,170.47,399.5,345.53,248.61,101.98,78.73,35.6,186.87,145.69,29.15,25.61,19.3,36.53,15.44,16.06,13.56,5.36,3.18
2016/8/31 12:00,484.15,111.98,158.8,399.43,345.53,248.52,101.86,78.73,35.57,186.87,145.69,28.99,25.49,19.05,36.63,15.33,15.87,13.45,5.33,3.16
2016/8/31 13:00,484.04,103.35,151.31,399.37,345.53,248.42,101.71,78.73,35.47,186.87,145.69,28.95,25.35,18.83,36.64,15.18,15.69,13.27,5.31,3.12
2016/8/31 14:00,483.92,96.84,149.1,399.35,345.53,248.43,101.61,78.73,35.38,186.87,145.69,28.88,25.19,18.58,36.59,15.02,15.51,13.08,5.26,3.06
2016/8/31 15:00,483.79,91.38,148.49,399.34,345.53,248.25,101.55,78.73,35.29,186.87,145.69,28.74,25.03,18.29,36.54,14.86,15.33,12.86,5.2,3
2016/8/31 16:00,483.65,84.62,147.82,399.34,345.53,248.26,101.36,78.73,35.22,186.87,145.69,28.64,24.86,18.05,36.46,14.67,15.15,12.63,5.13,2.89
2016/8/31 17:00,483.49,78.78,147.08,399.33,345.53,248.23,101.37,78.73,35.22,186.87,145.69,28.6,24.69,17.81,36.38,14.48,14.98,12.38,5.05,2.73
